S/N,Forest Id,Tree Species,Family,Dbh(cm),Db(m),Dm(m),Dt(m),Ht(m),Density,Plot Id
1,1,Lecaniodiscus cupanioides,Sapindaceae,10.2,0.18,0.11,0.02,6.8,0.43,Plot 1_1
2,1,Lecaniodiscus cupanioides,Sapindaceae,9,0.1,0.06,0.03,5.8,0.43,Plot 1_1
3,1,Boscia angustifolia,Capparaceae,26.3,0.39,0.18,0.07,16.5,0.59,Plot 1_1
4,1,Boscia angustifolia,Capparaceae,32,0.31,0.18,0.1,19.5,0.59,Plot 1_1
5,1,Milicia excelsa,Moraceae,112,1.12,0.82,0.3,28,0.59,Plot 1_1
6,1,Cola nitida,Malvaceae,30.5,0.37,0.22,0.08,17,0.66,Plot 1_1
7,1,Sterculia tragacantha,Malvaceae,25.3,0.31,0.19,0.1,14.8,0.48,Plot 1_1
8,1,Hunteria umbellate ,Apocynaceae,17,0.23,0.16,0.06,14,0.72,Plot 1_1
9,1,Boscia angustifolia,Capparaceae,16,0.2,0.17,0.09,16,0.59,Plot 1_1
10,1,Pycnanthus angolensis,Myristicaceae,33.2,0.36,0.17,0.05,16.8,0.44,Plot 1_1
11,1,Boscia angustifolia,Capparaceae,38.4,0.45,0.24,0.1,17.8,0.59,Plot 1_1
12,1,Funtumia elastica,Apocynaceae,12.5,0.15,0.11,0.04,12.1,0.51,Plot 1_1
13,1,Celtis zenkeri,Cannabaceae,28.6,0.3,0.22,0.11,15.9,0.65,Plot 1_1
14,1,Boscia angustifolia,Capparaceae,26.1,0.33,0.22,0.09,16.2,0.59,Plot 1_1
15,1,Funtumia elastica,Apocynaceae,17.6,0.2,0.15,0.08,15.9,0.51,Plot 1_1
16,1,Pausinystalia brachythyrsa,Rubiaceae,50.1,0.5,0.24,0.11,23,0.6,Plot 1_1
17,1,Cordia africana,Boraginaceae,28.5,0.35,0.18,0.1,15.5,0.47,Plot 1_1
18,1,Boscia angustifolia,Capparaceae,54.5,0.55,0.38,0.16,15.9,0.59,Plot 1_1
19,1,Funtumia elastica,Apocynaceae,24.8,0.26,0.2,0.07,18.9,0.51,Plot 1_1
20,1,Diospyros crassiflora ,Ebenaceae,16.5,0.17,0.08,0.01,4.8,0.9,Plot 1_1
21,1,Pycnanthus angolensis,Myristicaceae,75.5,0.85,0.48,0.18,18.5,0.44,Plot 1_2
22,1,Entandrophragma angolense,Meliaceae,39,0.41,0.19,0.14,26.8,0.58,Plot 1_2
23,1,Cordia millenii,Boraginaceae,33.4,0.36,0.23,0.09,14.2,0.52,Plot 1_2
24,1,Phyllanthus discoides,Euphorbiaceae,52,0.58,0.41,0.19,18,0.75,Plot 1_2
25,1,Pycnanthus angolensis,Myristicaceae,11.8,0.14,0.1,0.03,11,0.44,Plot 1_2
26,1,Pausinystalia brachythyrsa,Rubiaceae,11.1,0.12,0.08,0.02,11,0.6,Plot 1_2
27,1,Pycnanthus angolensis,Myristicaceae,11.1,0.14,0.07,0.01,9.5,0.44,Plot 1_2
28,1,Alstonia boonei,Apocynaceae,44.3,0.53,0.4,0.17,21,0.37,Plot 1_2
29,1,Pycnanthus angolensis,Myristicaceae,12.6,0.15,0.1,0.03,9,0.44,Plot 1_2
30,1,Pycnanthus angolensis,Myristicaceae,25.6,0.32,0.16,0.07,14.8,0.44,Plot 1_2
31,1,Diospyros monbuttensis,Ebenaceae,26,0.29,0.25,0.08,14.5,0.9,Plot 1_2
32,1,Boscia angustifolia,Capparaceae,15.3,0.21,0.16,0.05,11,0.59,Plot 1_2
33,1,Celtis zenkeri,Cannabaceae,12.9,0.15,0.11,0.02,9.5,0.65,Plot 1_2
34,1,Sterculia rhinopetala,Malvaceae,10.5,0.14,0.08,0.02,14.5,0.64,Plot 1_2
35,1,Pycnanthus angolensis,Myristicaceae,38.4,0.42,0.2,0.15,22.5,0.44,Plot 1_2
36,1,Ricinodendron heudelotii,Euphorbiaceae,20.5,0.27,0.1,0.03,11.8,0.22,Plot 1_2
37,1,Sterculia rhinopetala,Malvaceae,15.5,0.2,0.18,0.07,14,0.64,Plot 1_2
38,1,Pycnanthus angolensis,Myristicaceae,42.9,0.49,0.34,0.12,16.5,0.44,Plot 1_2
39,1,Hunteria umbellate ,Apocynaceae,18,0.18,0.13,0.05,12.5,0.72,Plot 1_2
40,1,Cordia millenii,Boraginaceae,13.6,0.18,0.12,0.03,9.8,0.52,Plot 1_2
41,1,Nauclea diderrichii,Rubiaceae,22.2,0.3,0.24,0.08,16.5,0.69,Plot 1_3
42,1,Desplatsia dewevrei,Malvaceae,15,0.15,0.11,0.03,11.2,0.62,Plot 1_3
43,1,Desplatsia dewevrei,Malvaceae,19.3,0.19,0.14,0.03,11.8,0.62,Plot 1_3
44,1,Cleistopholis patens,Annonaceae,16.6,0.18,0.16,0.05,13.8,0.37,Plot 1_3
45,1,Khaya grandifoliola,Meliaceae,9.3,0.12,0.07,0.01,5.6,0.62,Plot 1_3
46,1,Boscia angustifolia,Capparaceae,20.2,0.27,0.18,0.06,14.8,0.59,Plot 1_3
47,1,Boscia angustifolia,Capparaceae,23.5,0.28,0.18,0.09,23.5,0.59,Plot 1_3
48,1,Cordia africana,Boraginaceae,20.6,0.23,0.14,0.05,13.8,0.47,Plot 1_3
49,1,Milicia excelsa,Moraceae,27.9,0.33,0.2,0.09,17.8,0.59,Plot 1_3
50,1,Boscia angustifolia,Capparaceae,17.2,0.23,0.14,0.05,13,0.59,Plot 1_3
51,1,Cleistopholis patens,Annonaceae,56.9,0.73,0.45,0.15,23.5,0.37,Plot 1_3
52,1,Myrianthus arboreus,Urticaceae,12.2,0.15,0.08,0.03,5.8,0.43,Plot 1_3
53,1,Cola gigantea,Malvaceae,21.8,0.28,0.17,0.08,14.9,0.54,Plot 1_3
54,1,Khaya grandifoliola,Meliaceae,11,0.15,0.09,0.03,6,0.62,Plot 1_3
55,1,Pausinystalia brachythyrsa,Rubiaceae,23.8,0.29,0.16,0.05,13.9,0.6,Plot 1_3
56,1,Diospyros monbuttensis,Ebenaceae,21.8,0.27,0.14,0.05,14,0.9,Plot 1_3
57,1,Hunteria umbellate ,Apocynaceae,18.9,0.2,0.13,0.02,11,0.72,Plot 1_3
58,1,Ricinodendron heudelotii,Euphorbiaceae,8,0.85,0.58,0.24,16.5,0.22,Plot 1_3
59,1,Diospyros crassiflora ,Ebenaceae,20.5,0.24,0.16,0.04,11.8,0.9,Plot 1_3
60,1,Diospyros crassiflora ,Ebenaceae,18,0.2,0.15,0.05,12,0.9,Plot 1_3
61,1,Hunteria umbellate ,Apocynaceae,16.5,0.19,0.14,0.02,9,0.72,Plot 1_3
62,1,Celtis zenkeri,Cannabaceae,13.2,0.19,0.11,0.03,11,0.65,Plot 1_3
63,1,Hunteria umbellate ,Apocynaceae,13.9,0.17,0.1,0.02,11,0.72,Plot 1_3
64,1,Drypetes paxii ,Putranjivaceae,15,0.18,0.11,0.03,9.8,0.66,Plot 1_3
65,1,Khaya grandifoliola,Meliaceae,12.1,0.16,0.06,0.02,8.5,0.62,Plot 1_3
66,1,Zanthoxylum zanthoxyloides,Rutaceae,12.5,0.18,0.06,0.01,8,0.59,Plot 1_3
67,1,Boscia angustifolia,Capparaceae,15.4,0.19,0.14,0.04,9.9,0.59,Plot1_4
68,1,Hunteria umbellate ,Apocynaceae,19.4,0.23,0.14,0.03,12,0.72,Plot1_4
69,1,Boscia angustifolia,Capparaceae,42,0.42,0.19,0.05,16.5,0.59,Plot1_4
70,1,Celtis zenkeri,Cannabaceae,21.1,0.24,0.16,0.04,13.5,0.65,Plot1_4
71,1,Afzelia africana,Fabaceae,98,1.05,0.58,0.25,18.9,0.67,Plot1_4
72,1,Funtumia elastica,Apocynaceae,19.5,0.22,0.15,0.04,11.8,0.51,Plot1_4
73,1,Strombosia pustulata,Olacaceae,27,0.34,0.14,0.03,13.5,0.83,Plot1_4
74,1,Afzelia africana,Fabaceae,125,1.24,0.85,0.16,28,0.67,Plot1_4
75,1,Bridelia micrantha,Phyllanthaceae,18.5,0.29,0.16,0.05,8.5,0.47,Plot1_4
76,1,Bridelia micrantha,Phyllanthaceae,56,0.56,0.21,0.08,12,0.47,Plot1_4
77,1,Bridelia micrantha,Phyllanthaceae,13.8,0.16,0.1,0.02,10,0.47,Plot1_4
78,1,Bridelia micrantha,Phyllanthaceae,20.7,0.25,0.14,0.06,17.5,0.47,Plot1_4
79,1,Ceiba pentandra,Malvaceae,115,1.15,0.8,0.24,28.5,0.3,Plot1_4
80,1,Celtis zenkeri,Cannabaceae,11.5,0.13,0.82,0.01,7.5,0.65,Plot1_4
81,1,Celtis zenkeri,Cannabaceae,56.5,0.57,0.34,0.17,28,0.65,Plot1_4
82,1,Celtis zenkeri,Cannabaceae,18.8,0.25,0.12,0.02,14.8,0.65,Plot1_4
83,1,Celtis zenkeri,Cannabaceae,25.4,0.34,0.16,0.09,16.8,0.65,Plot1_4
84,1,Celtis zenkeri,Cannabaceae,49.5,0.5,0.28,0.18,24.5,0.65,Plot1_4
85,1,Chrysophyllum perpulchrum,Sapotaceae,38.4,0.58,0.16,0.06,22,0.68,Plot1_4
86,1,Cola gigantea,Malvaceae,22.5,0.25,0.21,0.09,6.7,0.54,Plot1_4
87,1,Cola millenii,Malvaceae,20,0.31,0.16,0.08,14.5,0.77,Plot1_4
88,1,Cola millenii,Malvaceae,12.8,0.15,0.09,0.03,5.8,0.77,Plot1_5
89,1,Daniellia ogea,Fabaceae,53.3,0.55,0.25,0.14,24,0.31,Plot1_5
90,1,Drypetes paxii ,Putranjivaceae,13.4,0.17,0.08,0.03,5,0.66,Plot1_5
91,1,Entandrophragma angolense,Meliaceae,52.6,0.71,0.28,0.15,26,0.58,Plot1_5
92,1,Hunteria umbellate ,Apocynaceae,21,0.29,0.14,0.03,7,0.72,Plot1_5
93,1,Hunteria umbellate ,Apocynaceae,13.8,0.16,0.13,0.05,8.5,0.72,Plot1_5
94,1,Pausinystalia brachythyrsa,Rubiaceae,105,1.05,0.65,0.19,29,0.6,Plot1_5
95,1,Phyllanthus discoides,Euphorbiaceae,32.3,0.3,0.22,0.18,4,0.75,Plot1_5
96,1,Pterygota macrocarpa,Malvaceae,12.3,0.16,0.1,0.03,6.8,0.52,Plot1_5
97,1,Pycnanthus angolensis,Myristicaceae,59,0.85,0.28,0.04,24.8,0.44,Plot1_5
98,1,Pycnanthus angolensis,Myristicaceae,28.4,0.31,0.16,0.03,18.8,0.44,Plot1_5
99,1,Pycnanthus angolensis,Myristicaceae,47.4,0.52,0.42,0.15,21.8,0.44,Plot1_5
100,1,Pycnanthus angolensis,Myristicaceae,10.2,0.13,0.08,0.03,6.5,0.44,Plot1_5
101,1,Sterculia rhinopetala,Malvaceae,86,0.86,0.48,0.15,27.5,0.64,Plot1_5
102,1,Xylopia aethiopica,Annonaceae,36.5,0.37,0.16,0.11,14.8,0.44,Plot1_5
103,1,Daniellia ogea,Fabaceae,20.3,0.24,0.14,0.09,16.8,0.31,Plot1_6
104,1,Celtis zenkeri,Cannabaceae,12.8,0.17,0.09,0.03,13.5,0.65,Plot1_6
105,1,Piptadeniastrum africanum,Fabaceae,32.3,0.32,0.18,0.1,16.5,0.64,Plot1_6
106,1,Bombax buonopozense,Malvaceae,58.3,0.58,0.34,0.16,28.5,0.32,Plot1_6
107,1,Hunteria umbellate ,Apocynaceae,16.6,0.21,0.09,0.03,6.8,0.72,Plot1_6
108,1,Celtis zenkeri,Cannabaceae,17,0.2,0.11,0.03,7.5,0.65,Plot1_6
109,1,Cola nitida,Malvaceae,38.9,0.44,0.25,0.11,16.8,0.66,Plot1_6
110,1,Distemonanthus benthamianus,Fabaceae,21.9,0.25,0.12,0.03,6.5,0.6,Plot1_6
111,1,Zanthoxylum zanthoxyloides,Rutaceae,32.5,0.33,0.18,0.12,16,0.59,Plot1_6
112,1,Bridelia micrantha,Phyllanthaceae,10,0.12,0.06,0.01,5.6,0.47,Plot1_6
113,1,Cola nitida,Malvaceae,12.8,0.15,0.11,0.03,8.6,0.66,Plot1_6
114,1,Chrysophyllum perpulchrum,Sapotaceae,15.8,0.2,0.12,0.04,12.8,0.68,Plot1_6
115,1,Celtis zenkeri,Cannabaceae,90,0.9,0.45,0.17,30,0.65,Plot1_6
116,1,Distemonanthus benthamianus,Fabaceae,32.5,0.33,0.15,0.04,11.5,0.6,Plot1_6
117,1,Sterculia rhinopetala,Malvaceae,20.1,0.25,0.14,0.07,14.8,0.64,Plot1_6
118,1,Musanga cecropioides,Urticaceae,80,0.8,0.48,0.15,18,0.39,Plot1_6
119,1,Strombosia grandifolia,Olacaceae,17.5,0.21,0.12,0.04,10.8,0.9,Plot1_6
120,1,Cola millenii,Malvaceae,10.4,0.14,0.06,0.03,6.8,0.77,Plot1_6
121,1,Strombosia grandifolia,Olacaceae,10,0.15,0.07,0.03,6.8,0.9,Plot1_6
122,1,Cola millenii,Malvaceae,12.7,0.16,0.12,0.04,6.8,0.77,Plot1_6
123,1,Cola gigantea,Malvaceae,41.6,0.54,0.26,0.14,18,0.54,Plot1_6
124,1,Ficus mucuso,Moraceae,11.5,0.16,0.11,0.03,7.8,0.41,Plot1_7
125,1,Ficus elastica,Moraceae,10.1,0.12,0.1,0.03,8.5,0.34,Plot1_7
126,1,Monodora tenuifolia,Annonaceae,18.8,0.22,0.14,0.05,7.5,0.49,Plot1_7
127,1,Celtis zenkeri,Cannabaceae,29,0.32,0.2,0.15,14.4,0.65,Plot1_7
128,1,Pycnanthus angolensis,Myristicaceae,11.5,0.13,0.07,0.02,7.5,0.44,Plot1_7
129,1,Cordia millenii,Boraginaceae,12.2,0.12,0.08,0.02,6.5,0.52,Plot1_7
130,1,Sterculia rhinopetala,Malvaceae,33,0.35,0.24,0.1,16.8,0.64,Plot1_7
131,1,Celtis zenkeri,Cannabaceae,25.6,0.28,0.18,0.09,14.8,0.65,Plot1_7
132,1,Celtis zenkeri,Cannabaceae,135,1.35,0.78,0.25,32,0.65,Plot1_7
133,1,Bosqueia angolensis,Moraceae,36.3,0.52,0.16,0.1,13.8,0.64,Plot1_7
134,1,Parkia biglobosa,Fabaceae,22.6,0.36,0.16,0.07,14,0.53,Plot1_7
135,1,Celtis zenkeri,Cannabaceae,18,0.26,0.14,0.05,6.8,0.65,Plot1_7
136,1,Chrysophyllum perpulchrum,Sapotaceae,31,0.33,0.19,0.08,13.8,0.68,Plot1_7
137,1,Brachystegia nigerica,Fabaceae,125,1.25,0.48,0.15,29,0.52,Plot1_7
138,1,Celtis zenkeri,Cannabaceae,85.2,0.85,0.28,0.14,18.2,0.65,Plot1_7
139,1,Celtis zenkeri,Cannabaceae,28,0.36,0.14,0.11,12.5,0.65,Plot1_7
140,1,Sterculia rhinopetala,Malvaceae,22.2,0.38,0.15,0.03,11.5,0.64,Plot1_7
141,1,Cola millenii,Malvaceae,25.6,0.3,0.08,0.03,11,0.77,Plot1_7
142,1,Cola gigantea,Malvaceae,19,0.28,0.12,0.04,9.5,0.54,Plot1_7
143,1,Celtis zenkeri,Cannabaceae,14.8,0.25,0.12,0.03,8.5,0.65,Plot1_7
144,1,Sterculia rhinopetala,Malvaceae,20.9,0.27,0.16,0.07,14.8,0.64,Plot1_7
145,1,Cola gigantea,Malvaceae,12.5,0.17,0.1,0.03,7,0.54,Plot1_7
146,1,Brachystegia nigerica,Fabaceae,65.5,0.83,0.38,0.22,22.5,0.52,Plot1_8
147,1,Celtis zenkeri,Cannabaceae,34,0.34,0.24,0.12,16.8,0.65,Plot1_8
148,1,Hunteria umbellate ,Apocynaceae,9.6,0.12,0.06,0.01,5.8,0.72,Plot1_8
149,1,Lecaniodiscus cupanioides,Sapindaceae,14.8,0.22,0.12,0.07,5,0.43,Plot1_8
150,1,Daniellia ogea,Fabaceae,54.4,0.65,0.38,0.16,22,0.31,Plot1_8
151,1,Zanthoxylum zanthoxyloides,Rutaceae,19.4,0.21,0.12,0.03,8.6,0.59,Plot1_8
152,1,Milicia excelsa,Moraceae,83,0.99,0.54,0.23,28,0.59,Plot1_8
153,1,Triplochiton scleroxylon,Malvaceae,45.8,0.46,0.2,0.1,16.8,0.34,Plot1_8
154,1,Sterculia rhinopetala,Malvaceae,145,1.45,0.68,0.16,24.8,0.64,Plot1_8
155,1,Cola gigantea,Malvaceae,25.1,0.39,0.2,0.09,14,0.54,Plot1_8
156,1,Celtis zenkeri,Cannabaceae,50.5,0.51,0.23,0.16,24.8,0.65,Plot1_8
157,1,Brachystegia nigerica,Fabaceae,110,1.25,0.62,0.25,32,0.52,Plot1_8
158,1,Sterculia rhinopetala,Malvaceae,63.2,0.83,0.36,0.15,23.8,0.64,Plot1_8
159,1,Strombosia grandifolia,Olacaceae,10.5,0.16,0.06,0.04,4.8,0.9,Plot1_8
160,1,Chrysophyllum perpulchrum,Sapotaceae,29.9,0.42,0.22,0.1,14.8,0.68,Plot1_8
161,1,Chrysophyllum perpulchrum,Sapotaceae,17.3,0.25,0.14,0.04,11.5,0.68,Plot1_8
162,1,Cola millenii,Malvaceae,11.6,0.13,0.08,0.03,6.8,0.77,Plot1_8
163,1,Celtis zenkeri,Cannabaceae,50.4,0.5,0.21,0.09,18.2,0.65,Plot1_8
164,1,Milicia excelsa,Moraceae,70,0.84,0.48,0.2,29,0.59,Plot1_8
165,1,Zanthoxylum zanthoxyloides,Rutaceae,22,0.24,0.12,0.03,8,0.59,Plot1_8
166,1,Distemonanthus benthamianus,Fabaceae,17,0.24,0.13,0.04,5,0.6,Plot1_8
167,1,Parkia biglobosa,Fabaceae,68,0.68,0.38,0.17,26,0.53,Plot1_8
168,2,Cleistopholis patens,Annonaceae,16.6,0.18,0.16,0.05,13.8,0.37,Plot2_1
169,2,Cleistopholis patens,Annonaceae,56.9,0.73,0.45,0.15,23.5,0.37,Plot2_1
170,2,Xylopia aethiopica,Annonaceae,36.5,0.37,0.16,0.11,14.8,0.44,Plot2_1
171,2,Zanthoxylum zanthoxyloides,Rutaceae,32.5,0.33,0.18,0.12,16,0.59,Plot2_1
172,2,Hunteria umbellate ,Apocynaceae,44.3,0.53,0.4,0.17,21,0.72,Plot2_1
173,2,Hunteria umbellate ,Apocynaceae,19.5,0.22,0.15,0.04,11.8,0.72,Plot2_1
174,2,Hunteria umbellate ,Apocynaceae,12.5,0.15,0.11,0.04,12.1,0.72,Plot2_1
175,2,Hunteria umbellate ,Apocynaceae,17.6,0.2,0.15,0.08,15.9,0.72,Plot2_1
176,2,Hunteria umbellate ,Apocynaceae,24.8,0.26,0.2,0.07,18.9,0.72,Plot2_1
177,2,Hunteria umbellate ,Apocynaceae,10.1,0.12,0.1,0.03,8.5,0.72,Plot2_1
178,2,Funtumia elastica,Apocynaceae,17,0.23,0.16,0.06,14,0.51,Plot2_1
179,2,Hunteria umbellate ,Apocynaceae,18,0.18,0.13,0.05,12.5,0.72,Plot2_1
180,2,Hunteria umbellate ,Apocynaceae,18.9,0.2,0.13,0.02,11,0.72,Plot2_1
181,2,Hunteria umbellate ,Apocynaceae,16.5,0.19,0.14,0.02,9,0.72,Plot2_1
182,2,Hunteria umbellate ,Apocynaceae,13.9,0.17,0.1,0.02,11,0.72,Plot2_1
183,2,Alstonia boonei,Apocynaceae,19.4,0.23,0.14,0.03,12,0.37,Plot2_1
184,2,Funtumia elastica,Apocynaceae,21,0.29,0.14,0.03,7,0.51,Plot2_1
185,2,Funtumia elastica,Apocynaceae,13.8,0.16,0.13,0.05,8.5,0.51,Plot2_1
186,2,Funtumia elastica,Apocynaceae,16.6,0.21,0.09,0.03,6.8,0.51,Plot2_1
187,2,Ficus elastica,Moraceae,9.6,0.12,0.06,0.01,5.8,0.34,Plot2_1
188,2,Musanga cecropioides,Urticaceae,80,0.8,0.48,0.15,18,0.39,Plot2_1
189,2,Cordia africana,Boraginaceae,20.6,0.23,0.14,0.05,13.8,0.47,Plot2_1
190,2,Cordia africana,Boraginaceae,28.5,0.35,0.18,0.1,15.5,0.47,Plot2_1
191,2,Ceiba pentandra,Malvaceae,115,1.15,0.8,0.24,28.5,0.3,Plot2_1
192,2,Bombax buonopozense,Malvaceae,58.3,0.58,0.34,0.16,28.5,0.32,Plot2_1
193,2,Cordia millenii,Boraginaceae,33.4,0.36,0.23,0.09,14.2,0.52,Plot2_2
194,2,Cordia millenii,Boraginaceae,13.6,0.18,0.12,0.03,9.8,0.52,Plot2_2
195,2,Cola millenii,Malvaceae,20,0.31,0.16,0.08,14.5,0.77,Plot2_2
196,2,Cola millenii,Malvaceae,12.8,0.15,0.09,0.03,5.8,0.77,Plot2_2
197,2,Cola millenii,Malvaceae,10.4,0.14,0.06,0.03,6.8,0.77,Plot2_2
198,2,Cola millenii,Malvaceae,12.7,0.16,0.12,0.04,6.8,0.77,Plot2_2
199,2,Cordia millenii,Boraginaceae,12.2,0.12,0.08,0.02,6.5,0.52,Plot2_2
200,2,Cola millenii,Malvaceae,25.6,0.3,0.08,0.03,11,0.77,Plot2_2
201,2,Cola millenii,Malvaceae,11.6,0.13,0.08,0.03,6.8,0.77,Plot2_2
202,2,Afzelia africana,Fabaceae,98,1.05,0.58,0.25,18.9,0.67,Plot2_2
203,2,Afzelia africana,Fabaceae,125,1.24,0.85,0.16,28,0.67,Plot2_2
204,2,Ricinodendron heudelotii,Euphorbiaceae,20.5,0.27,0.1,0.03,11.8,0.22,Plot2_2
205,2,Ricinodendron heudelotii,Euphorbiaceae,8,0.85,0.58,0.24,16.5,0.22,Plot2_2
206,2,Drypetes paxii ,Putranjivaceae,15,0.18,0.11,0.03,9.8,0.66,Plot2_2
207,2,Drypetes paxii ,Putranjivaceae,13.4,0.17,0.08,0.03,5,0.66,Plot2_2
208,2,Phyllanthus discoides,Euphorbiaceae,32.3,0.3,0.22,0.18,4,0.75,Plot2_2
209,2,Phyllanthus discoides,Euphorbiaceae,52,0.58,0.41,0.19,18,0.75,Plot2_2
210,2,Diospyros monbuttensis,Ebenaceae,26,0.29,0.25,0.08,14.5,0.9,Plot2_2
211,2,Diospyros monbuttensis,Ebenaceae,21.8,0.27,0.14,0.05,14,0.9,Plot2_2
212,2,Distemonanthus benthamianus,Fabaceae,21.9,0.25,0.12,0.03,6.5,0.6,Plot2_2
213,2,Distemonanthus benthamianus,Fabaceae,32.5,0.33,0.15,0.04,11.5,0.6,Plot2_3
214,2,Distemonanthus benthamianus,Fabaceae,17,0.24,0.13,0.04,5,0.6,Plot2_3
215,2,Daniellia ogea,Fabaceae,53.3,0.55,0.25,0.14,24,0.31,Plot2_3
216,2,Daniellia ogea,Fabaceae,20.3,0.24,0.14,0.09,16.8,0.31,Plot2_3
217,2,Daniellia ogea,Fabaceae,54.4,0.65,0.38,0.16,22,0.31,Plot2_3
218,2,Brachystegia nigerica,Fabaceae,125,1.25,0.48,0.15,29,0.52,Plot2_3
219,2,Brachystegia nigerica,Fabaceae,65.5,0.83,0.38,0.22,22.5,0.52,Plot2_3
220,2,Brachystegia nigerica,Fabaceae,110,1.25,0.62,0.25,32,0.52,Plot2_3
221,2,Khaya grandifoliola,Meliaceae,9.3,0.12,0.07,0.01,5.6,0.62,Plot2_3
222,2,Khaya grandifoliola,Meliaceae,11,0.15,0.09,0.03,6,0.62,Plot2_3
223,2,Khaya grandifoliola,Meliaceae,12.1,0.16,0.06,0.02,8.5,0.62,Plot2_3
224,2,Entandrophragma angolense,Meliaceae,52.6,0.71,0.28,0.15,26,0.58,Plot2_3
225,2,Entandrophragma angolense,Meliaceae,39,0.41,0.19,0.14,26.8,0.58,Plot2_3
226,2,Piptadeniastrum africanum,Fabaceae,32.3,0.32,0.18,0.1,16.5,0.64,Plot2_3
227,2,Monodora tenuifolia,Annonaceae,18.8,0.22,0.14,0.05,7.5,0.49,Plot2_3
228,2,Boscia angustifolia,Capparaceae,26.3,0.39,0.18,0.07,16.5,0.59,Plot2_3
229,2,Boscia angustifolia,Capparaceae,32,0.31,0.18,0.1,19.5,0.59,Plot2_3
230,2,Boscia angustifolia,Capparaceae,16,0.2,0.17,0.09,16,0.59,Plot2_3
231,2,Boscia angustifolia,Capparaceae,38.4,0.45,0.24,0.1,17.8,0.59,Plot2_3
232,2,Boscia angustifolia,Capparaceae,26.1,0.33,0.22,0.09,16.2,0.59,Plot2_3
233,2,Boscia angustifolia,Capparaceae,54.5,0.55,0.38,0.16,15.9,0.59,Plot2_3
234,2,Boscia angustifolia,Capparaceae,15.3,0.21,0.16,0.05,11,0.59,Plot2_3
235,2,Boscia angustifolia,Capparaceae,20.2,0.27,0.18,0.06,14.8,0.59,Plot2_3
236,2,Boscia angustifolia,Capparaceae,23.5,0.28,0.18,0.09,23.5,0.59,Plot2_3
237,2,Boscia angustifolia,Capparaceae,17.2,0.23,0.14,0.05,13,0.59,Plot2_3
238,2,Boscia angustifolia,Capparaceae,15.4,0.19,0.14,0.04,9.9,0.59,Plot2_4
239,2,Boscia angustifolia,Capparaceae,42,0.42,0.19,0.05,16.5,0.59,Plot2_4
240,2,Milicia excelsa,Moraceae,112,1.12,0.82,0.3,28,0.59,Plot2_4
241,2,Milicia excelsa,Moraceae,27.9,0.33,0.2,0.09,17.8,0.59,Plot2_4
242,2,Myrianthus arboreus,Urticaceae,12.2,0.15,0.08,0.03,5.8,0.43,Plot2_4
243,2,Milicia excelsa,Moraceae,83,0.99,0.54,0.23,28,0.59,Plot2_4
244,2,Milicia excelsa,Moraceae,70,0.84,0.48,0.2,29,0.59,Plot2_4
245,2,Ficus mucuso,Moraceae,11.5,0.16,0.11,0.03,7.8,0.41,Plot2_4
246,2,Bosqueia angolensis,Moraceae,36.3,0.52,0.16,0.1,13.8,0.64,Plot2_4
247,2,Pycnanthus angolensis,Myristicaceae,33.2,0.36,0.17,0.05,16.8,0.44,Plot2_4
248,2,Pycnanthus angolensis,Myristicaceae,75.5,0.85,0.48,0.18,18.5,0.44,Plot2_4
249,2,Pycnanthus angolensis,Myristicaceae,11.8,0.14,0.1,0.03,11,0.44,Plot2_4
250,2,Pycnanthus angolensis,Myristicaceae,11.1,0.14,0.07,0.01,9.5,0.44,Plot2_4
251,2,Pycnanthus angolensis,Myristicaceae,12.6,0.15,0.1,0.03,9,0.44,Plot2_4
252,2,Pycnanthus angolensis,Myristicaceae,25.6,0.32,0.16,0.07,14.8,0.44,Plot2_4
253,2,Pycnanthus angolensis,Myristicaceae,38.4,0.42,0.2,0.15,22.5,0.44,Plot2_4
254,2,Pycnanthus angolensis,Myristicaceae,42.9,0.49,0.34,0.12,16.5,0.44,Plot2_4
255,2,Pycnanthus angolensis,Myristicaceae,59,0.85,0.28,0.04,24.8,0.44,Plot2_4
256,2,Pycnanthus angolensis,Myristicaceae,28.4,0.31,0.16,0.03,18.8,0.44,Plot2_4
257,2,Pycnanthus angolensis,Myristicaceae,47.4,0.52,0.42,0.15,21.8,0.44,Plot2_4
258,2,Pycnanthus angolensis,Myristicaceae,10.2,0.13,0.08,0.03,6.5,0.44,Plot2_4
259,2,Pycnanthus angolensis,Myristicaceae,11.5,0.13,0.07,0.02,7.5,0.44,Plot2_4
260,2,Strombosia pustulata,Olacaceae,27,0.34,0.14,0.03,13.5,0.83,Plot2_4
261,2,Bridelia micrantha,Phyllanthaceae,18.5,0.29,0.16,0.05,8.5,0.47,Plot2_4
262,2,Bridelia micrantha,Phyllanthaceae,56,0.56,0.21,0.08,12,0.47,Plot2_4
263,2,Bridelia micrantha,Phyllanthaceae,13.8,0.16,0.1,0.02,10,0.47,Plot2_4
264,2,Bridelia micrantha,Phyllanthaceae,20.7,0.25,0.14,0.06,17.5,0.47,Plot2_5
265,2,Bridelia micrantha,Phyllanthaceae,10,0.12,0.06,0.01,5.6,0.47,Plot2_5
266,2,Pausinystalia brachythyrsa,Rubiaceae,50.1,0.5,0.24,0.11,23,0.6,Plot2_5
267,2,Pausinystalia brachythyrsa,Rubiaceae,11.1,0.12,0.08,0.02,11,0.6,Plot2_5
268,2,Nauclea diderrichii,Rubiaceae,22.2,0.3,0.24,0.08,16.5,0.69,Plot2_5
269,2,Pausinystalia brachythyrsa,Rubiaceae,23.8,0.29,0.16,0.05,13.9,0.6,Plot2_5
270,2,Pausinystalia brachythyrsa,Rubiaceae,105,1.05,0.65,0.19,29,0.6,Plot2_5
271,2,Zanthoxylum zanthoxyloides,Rutaceae,19.4,0.21,0.12,0.03,8.6,0.59,Plot2_5
272,2,Zanthoxylum zanthoxyloides,Rutaceae,12.5,0.18,0.06,0.01,8,0.59,Plot2_5
273,2,Zanthoxylum zanthoxyloides,Rutaceae,22,0.24,0.12,0.03,8,0.59,Plot2_5
274,2,Lecaniodiscus cupanioides,Sapindaceae,10.2,0.18,0.11,0.02,6.8,0.43,Plot2_5
275,2,Lecaniodiscus cupanioides,Sapindaceae,9,0.1,0.06,0.03,5.8,0.43,Plot2_5
276,2,Lecaniodiscus cupanioides,Sapindaceae,14.8,0.22,0.12,0.07,5,0.43,Plot2_5
277,2,Chrysophyllum perpulchrum,Sapotaceae,38.4,0.58,0.16,0.06,22,0.68,Plot2_5
278,2,Chrysophyllum perpulchrum,Sapotaceae,15.8,0.2,0.12,0.04,12.8,0.68,Plot2_5
279,2,Chrysophyllum perpulchrum,Sapotaceae,31,0.33,0.19,0.08,13.8,0.68,Plot2_5
280,2,Chrysophyllum perpulchrum,Sapotaceae,29.9,0.42,0.22,0.1,14.8,0.68,Plot2_5
281,2,Chrysophyllum perpulchrum,Sapotaceae,17.3,0.25,0.14,0.04,11.5,0.68,Plot2_5
282,2,Parkia biglobosa,Fabaceae,22.6,0.36,0.16,0.07,14,0.53,Plot2_5
283,2,Parkia biglobosa,Fabaceae,68,0.68,0.38,0.17,26,0.53,Plot2_5
284,2,Cola gigantea,Malvaceae,22.5,0.25,0.21,0.09,6.7,0.54,Plot2_5
285,2,Cola gigantea,Malvaceae,41.6,0.54,0.26,0.14,18,0.54,Plot2_5
286,2,Cola gigantea,Malvaceae,19,0.28,0.12,0.04,9.5,0.54,Plot2_5
287,2,Cola gigantea,Malvaceae,12.5,0.17,0.1,0.03,7,0.54,Plot2_5
288,2,Cola gigantea,Malvaceae,25.1,0.39,0.2,0.09,14,0.54,Plot2_5
289,2,Sterculia tragacantha,Malvaceae,25.3,0.31,0.19,0.1,14.8,0.48,Plot2_5
290,2,Sterculia rhinopetala,Malvaceae,10.5,0.14,0.08,0.02,14.5,0.64,Plot2_5
291,2,Sterculia rhinopetala,Malvaceae,15.5,0.2,0.18,0.07,14,0.64,Plot2_6
292,2,Cola gigantea,Malvaceae,21.8,0.28,0.17,0.08,14.9,0.54,Plot2_6
293,2,Pterygota macrocarpa,Malvaceae,12.3,0.16,0.1,0.03,6.8,0.52,Plot2_6
294,2,Sterculia rhinopetala,Malvaceae,86,0.86,0.48,0.15,27.5,0.64,Plot2_6
295,2,Cola nitida,Malvaceae,38.9,0.44,0.25,0.11,16.8,0.66,Plot2_6
296,2,Cola nitida,Malvaceae,12.8,0.15,0.11,0.03,8.6,0.66,Plot2_6
297,2,Sterculia rhinopetala,Malvaceae,20.1,0.25,0.14,0.07,14.8,0.64,Plot2_6
298,2,Sterculia rhinopetala,Malvaceae,33,0.35,0.24,0.1,16.8,0.64,Plot2_6
299,2,Sterculia rhinopetala,Malvaceae,22.2,0.38,0.15,0.03,11.5,0.64,Plot2_6
300,2,Sterculia rhinopetala,Malvaceae,20.9,0.27,0.16,0.07,14.8,0.64,Plot2_6
301,2,Sterculia rhinopetala,Malvaceae,145,1.45,0.68,0.16,24.8,0.64,Plot2_6
302,2,Sterculia rhinopetala,Malvaceae,63.2,0.83,0.36,0.15,23.8,0.64,Plot2_6
303,2,Triplochiton scleroxylon,Malvaceae,45.8,0.46,0.2,0.1,16.8,0.34,Plot2_6
304,2,Desplatsia dewevrei,Malvaceae,15,0.15,0.11,0.03,11.2,0.62,Plot2_6
305,2,Desplatsia dewevrei,Malvaceae,19.3,0.19,0.14,0.03,11.8,0.62,Plot2_6
306,2,Celtis zenkeri,Cannabaceae,11.5,0.13,0.82,0.01,7.5,0.65,Plot2_6
307,2,Celtis zenkeri,Cannabaceae,56.5,0.57,0.34,0.17,28,0.65,Plot2_6
308,2,Celtis zenkeri,Cannabaceae,18.8,0.25,0.12,0.02,14.8,0.65,Plot2_6
309,2,Celtis zenkeri,Cannabaceae,25.4,0.34,0.16,0.09,16.8,0.65,Plot2_6
310,2,Celtis zenkeri,Cannabaceae,49.5,0.5,0.28,0.18,24.5,0.65,Plot2_6
311,2,Celtis zenkeri,Cannabaceae,12.8,0.17,0.09,0.03,13.5,0.65,Plot2_6
312,2,Celtis zenkeri,Cannabaceae,17,0.2,0.11,0.03,7.5,0.65,Plot2_7
313,2,Celtis zenkeri,Cannabaceae,90,0.9,0.45,0.17,30,0.65,Plot2_7
314,2,Celtis zenkeri,Cannabaceae,29,0.32,0.2,0.15,14.4,0.65,Plot2_7
315,2,Celtis zenkeri,Cannabaceae,25.6,0.28,0.18,0.09,14.8,0.65,Plot2_7
316,2,Celtis zenkeri,Cannabaceae,135,1.35,0.78,0.25,32,0.65,Plot2_7
317,2,Celtis zenkeri,Cannabaceae,18,0.26,0.14,0.05,6.8,0.65,Plot2_7
318,2,Celtis zenkeri,Cannabaceae,85.2,0.85,0.28,0.14,18.2,0.65,Plot2_7
319,2,Celtis zenkeri,Cannabaceae,28,0.36,0.14,0.11,12.5,0.65,Plot2_7
320,2,Celtis zenkeri,Cannabaceae,14.8,0.25,0.12,0.03,8.5,0.65,Plot2_7
321,2,Celtis zenkeri,Cannabaceae,34,0.34,0.24,0.12,16.8,0.65,Plot2_7
322,2,Celtis zenkeri,Cannabaceae,50.5,0.51,0.23,0.16,24.8,0.65,Plot2_7
323,2,Celtis zenkeri,Cannabaceae,50.4,0.5,0.21,0.09,18.2,0.65,Plot2_7
324,2,Celtis zenkeri,Cannabaceae,28.6,0.3,0.22,0.11,15.9,0.65,Plot2_7
325,2,Celtis zenkeri,Cannabaceae,12.9,0.15,0.11,0.02,9.5,0.65,Plot2_7
326,2,Celtis zenkeri,Cannabaceae,13.2,0.19,0.11,0.03,11,0.65,Plot2_7
327,2,Celtis zenkeri,Cannabaceae,21.1,0.24,0.16,0.04,13.5,0.65,Plot2_7
328,2,Cola nitida,Malvaceae,30.5,0.37,0.22,0.08,17,0.66,Plot2_7
329,2,Diospyros crassiflora ,Ebenaceae,16.5,0.17,0.08,0.01,4.8,0.9,Plot2_7
330,2,Diospyros crassiflora ,Ebenaceae,20.5,0.24,0.16,0.04,11.8,0.9,Plot2_7
331,2,Diospyros crassiflora ,Ebenaceae,18,0.2,0.15,0.05,12,0.9,Plot2_7
332,2,Strombosia grandifolia,Olacaceae,17.5,0.21,0.12,0.04,10.8,0.9,Plot2_7
333,2,Strombosia grandifolia,Olacaceae,10,0.15,0.07,0.03,6.8,0.9,Plot2_7
334,2,Strombosia grandifolia,Olacaceae,10.5,0.16,0.06,0.04,4.8,0.9,Plot2_7
335,2,Albizia ferruginea,Fabaceae,27.8,0.3,0.19,0.19,16,0.47,Plot2_7
336,2,Antiaris toxicaria,Moraceae,30,0.37,0.2,0.17,13,0.38,Plot2_7
337,2,Bombax buonopozense,Malvaceae,50,0.7,0.35,0.2,18,0.32,Plot2_7
338,2,Cordia millenii,Boraginaceae,80,1,0.52,0.3,15,0.52,Plot2_8
339,2,Cordia millenii,Boraginaceae,63.4,0.82,0.5,0.35,16,0.52,Plot2_8
340,2,Cordia millenii,Boraginaceae,80,0.8,0.5,0.32,12,0.52,Plot2_8
341,2,Cordia millenii,Boraginaceae,70,0.7,0.5,0.28,23,0.52,Plot2_8
342,2,Cordia millenii,Boraginaceae,85,1,0.7,0.5,10,0.52,Plot2_8
343,2,Cordia millenii,Boraginaceae,33.5,0.31,0.2,0.17,14,0.52,Plot2_8
344,2,Cordia millenii,Boraginaceae,54,0.6,0.46,0.2,13.6,0.52,Plot2_8
345,2,Cordia millenii,Boraginaceae,80,0.8,0.47,0.37,16,0.52,Plot2_8
346,2,Hevea brasiliensis,Euphorbiaceae,31.5,0.36,0.23,0.18,14,0.49,Plot2_8
347,2,Hevea brasiliensis,Euphorbiaceae,22.9,0.28,0.16,0.1,12,0.49,Plot2_8
348,2,Hevea brasiliensis,Euphorbiaceae,24,0.46,0.18,0.1,10,0.49,Plot2_8
349,2,Pouteria alnifolia,Fabaceae,40,0.4,0.35,0.1,10,0.55,Plot2_8
350,2,Pouteria alnifolia,Fabaceae,29.4,0.38,0.25,0.2,11,0.55,Plot2_8
351,2,Pterygota macrocarpa,Malvaceae,32,0.32,0.2,0.15,12,0.52,Plot2_8
352,2,Pterygota macrocarpa,Malvaceae,24,0.29,0.18,0.16,12,0.52,Plot2_8
353,2,Sterculia rhinopetala,Malvaceae,34.5,0.31,0.22,0.2,6,0.64,Plot2_8
354,2,Sterculia rhinopetala,Malvaceae,23,0.26,0.2,0.1,8,0.64,Plot2_8
355,2,Sterculia rhinopetala,Malvaceae,42,0.68,0.35,0.23,16,0.64,Plot2_8
356,2,Sterculia rhinopetala,Malvaceae,32.9,0.6,0.24,0.12,20,0.64,Plot2_8
357,2,Sterculia rhinopetala,Malvaceae,35,0.4,0.2,0.18,9,0.64,Plot2_8
358,2,Strombosia pustulata,Olacaceae,29.9,0.36,0.2,0.1,5,0.83,Plot2_8
359,2,Terminalia superba,Combretaceae,36,0.54,0.3,0.23,10,0.45,Plot2_8
360,2,Zanthoxylum zanthoxyloides,Rutaceae,34,0.4,0.2,0.14,15,0.59,Plot2_8
361,2,Zanthoxylum zanthoxyloides,Rutaceae,42,0.5,0.3,0.22,14,0.59,Plot2_8
362,2,Afzelia africana,Fabaceae,68.9,0.71,0.54,0.4,14,0.67,Plot2_8
363,2,Alstonia boonei,Apocynaceae,63,0.83,0.5,0.4,10,0.37,Plot2_8
364,2,Antiaris toxicaria,Moraceae,31.5,0.5,0.23,0.18,17,0.38,Plot2_9
365,2,Antiaris toxicaria,Moraceae,30.5,0.4,0.2,0.18,16.7,0.38,Plot2_9
366,2,Bridelia ferruginea,Phyllanthaceae,35,0.39,0.25,0.11,7,0.47,Plot2_9
367,2,Euphorbia tirucalli,Euphorbiaceae,61,0.61,0.52,0.46,6,0.48,Plot2_9
368,2,Euphorbia tirucalli,Euphorbiaceae,58,0.74,0.04,0.25,11.7,0.48,Plot2_9
369,2,Ficus exasperata,Moraceae,57.8,0.64,0.4,0.25,12.6,0.34,Plot2_9
370,2,Gossweileirodendron balsamiferum,Fabaceae,50,0.52,0.35,0.3,8,0.29,Plot2_9
371,2,Lovoa trichilioides,Meliaceae,85,1.2,0.48,0.2,16.9,0.48,Plot2_9
372,2,Mansonia altissima,Malvaceae,41,0.58,0.21,0.15,18,0.58,Plot2_9
373,2,Mansonia altissima,Malvaceae,25,0.33,0.18,0.11,10,0.58,Plot2_9
374,2,Mansonia altissima,Malvaceae,33,0.49,0.18,0.1,17.5,0.58,Plot2_9
375,2,Mansonia altissima,Malvaceae,22,0.3,0.15,0.1,12,0.58,Plot2_9
376,2,Mansonia altissima,Malvaceae,23.1,0.29,0.12,0.08,15.8,0.58,Plot2_9
377,2,Mansonia altissima,Malvaceae,42,0.5,0.35,0.2,19,0.58,Plot2_9
378,2,Mansonia altissima,Malvaceae,50,0.59,0.36,0.3,11.2,0.58,Plot2_9
379,2,Pterygota macrocarpa,Malvaceae,60,0.6,0.3,0.1,20,0.52,Plot2_9
380,2,Pterygota macrocarpa,Malvaceae,80,0.8,0.63,0.47,12,0.52,Plot2_9
381,2,Pterygota macrocarpa,Malvaceae,36.2,0.52,0.32,0.2,12,0.52,Plot2_9
382,2,Sterculia rhinopetala,Malvaceae,48,0.75,0.2,0.13,22.5,0.64,Plot2_9
383,2,Sterculia rhinopetala,Malvaceae,22,0.32,0.12,0.1,8,0.64,Plot2_9
384,2,Terminalia superba,Combretaceae,29,0.35,0.2,0.11,5.5,0.45,Plot2_10
385,2,Terminalia superba,Combretaceae,25.5,0.37,0.18,0.16,9,0.45,Plot2_10
386,2,Terminalia superba,Combretaceae,35,0.42,0.25,0.18,17.5,0.45,Plot2_10
387,2,Terminalia superba,Combretaceae,26,0.32,0.18,0.11,10,0.45,Plot2_10
388,2,Terminalia superba,Combretaceae,43,0.55,0.5,0.2,27,0.45,Plot2_10
389,2,Triplochiton scleroxylon,Malvaceae,52,0.61,0.38,0.25,24,0.34,Plot2_10
390,2,Triplochiton scleroxylon,Malvaceae,75,0.95,0.35,0.25,22,0.34,Plot2_10
391,2,Afzelia africana,Fabaceae,22.8,0.28,0.18,0.14,12.5,0.67,Plot2_10
392,2,Antiaris toxicaria,Moraceae,45.4,0.62,0.46,0.35,12.5,0.38,Plot2_10
393,2,Antiaris toxicaria,Moraceae,56,0.7,0.38,0.25,22,0.38,Plot2_10
394,2,Alstonia boonei,Apocynaceae,60,0.75,0.4,0.35,18,0.37,Plot2_10
395,2,Alstonia boonei,Apocynaceae,26.55,0.32,0.18,0.1,12,0.37,Plot2_10
396,2,Alstonia boonei,Apocynaceae,22,0.26,0.15,0.11,11,0.37,Plot2_10
397,2,Alstonia boonei,Apocynaceae,20,0.25,0.17,0.11,10,0.37,Plot2_10
398,2,Alstonia boonei,Apocynaceae,22.3,0.3,0.18,0.09,12,0.37,Plot2_10
399,2,Alstonia boonei,Apocynaceae,30,0.45,0.25,0.18,12.5,0.37,Plot2_10
400,2,Alstonia boonei,Apocynaceae,28,0.31,0.2,0.12,21,0.37,Plot2_10
401,2,Hunteria umbellate ,Apocynaceae,28,0.3,0.19,0.15,9,0.72,Plot2_10
402,2,Lovoa trichilioides,Meliaceae,40,0.45,0.29,0.2,18,0.48,Plot2_10
403,2,Lovoa trichilioides,Meliaceae,95.3,1.11,0.8,0.65,23,0.48,Plot2_10
404,2,Mansonia altissima,Malvaceae,60,0.7,0.5,0.32,15,0.58,Plot2_10
405,2,Mansonia altissima,Malvaceae,44.5,0.5,0.38,0.21,13,0.58,Plot2_10
406,2,Sterculia rhinopetala,Malvaceae,32.5,0.55,0.25,0.2,21.3,0.64,Plot2_10
407,2,Strombosia pustulata,Olacaceae,21,0.25,0.15,0.09,13,0.83,Plot2_10
408,2,Strombosia pustulata,Olacaceae,28.8,0.33,0.15,0.1,11.6,0.83,Plot2_10
409,2,Strombosia pustulata,Olacaceae,26,0.3,0.19,0.14,18,0.83,Plot2_10
410,2,Strombosia pustulata,Olacaceae,22.2,0.29,0.17,0.13,12,0.83,Plot2_10
411,2,Strombosia pustulata,Olacaceae,29,0.36,0.18,0.14,13,0.83,Plot2_10
412,2,Terminalia superba,Combretaceae,95,1.4,0.47,0.3,22,0.45,Plot2_10
413,2,Triplochiton scleroxylon,Malvaceae,85,1,0.7,0.57,22.5,0.34,Plot2_10
414,2,Afzelia africana,Fabaceae,150,1.5,1,0.8,17,0.67,Plot2_10
415,2,Albizia ferruginea,Fabaceae,21.2,0.26,0.15,0.12,17,0.47,Plot2_10
416,2,Albizia ferruginea,Fabaceae,31,0.38,0.26,0.18,18,0.47,Plot2_10
417,2,Alstonia boonei,Apocynaceae,27,0.37,0.18,0.1,12,0.37,Plot2_10
418,2,Antiaris toxicaria,Moraceae,24.8,0.3,0.19,0.11,9,0.38,Plot2_10
419,2,Antiaris toxicaria,Moraceae,32,0.25,0.25,0.11,12,0.38,Plot2_10
420,2,Antiaris toxicaria,Moraceae,28.5,0.38,0.2,0.1,18.2,0.38,Plot2_10
421,2,Cordia millenii,Boraginaceae,50,0.5,0.4,0.25,10,0.52,Plot2_10
422,2,Hevea brasiliensis,Euphorbiaceae,39.4,0.43,0.28,0.19,13,0.49,Plot2_10
423,2,Lovoa trichilioides,Meliaceae,39.6,0.48,0.23,0.18,13,0.48,Plot2_10
424,2,Mansonia altissima,Malvaceae,55.2,0.3,0.21,0.13,19,0.58,Plot2_10
425,2,Mansonia altissima,Malvaceae,20.1,0.23,0.14,0.13,8,0.58,Plot2_10
426,2,Mansonia altissima,Malvaceae,21,0.25,0.14,0.08,16,0.58,Plot2_10
427,2,Mansonia altissima,Malvaceae,26,0.3,0.2,0.16,17.5,0.58,Plot2_10
428,2,Mansonia altissima,Malvaceae,30.5,0.39,0.16,0.13,17.6,0.58,Plot2_10
429,2,Mansonia altissima,Malvaceae,31,0.42,0.16,0.12,18,0.58,Plot2_10
430,2,Pterygota macrocarpa,Malvaceae,90,0.9,0.8,0.65,14,0.52,Plot2_10
431,2,Pterygota macrocarpa,Malvaceae,80,0.8,0.7,0.53,12.3,0.52,Plot2_10
432,2,Sterculia rhinopetala,Malvaceae,22.7,0.28,0.16,0.09,11,0.64,Plot2_10
433,2,Sterculia rhinopetala,Malvaceae,36.1,0.49,0.21,0.15,10,0.64,Plot2_10
434,2,Sterculia rhinopetala,Malvaceae,31.6,0.45,0.23,0.11,9,0.64,Plot2_10
435,2,Sterculia rhinopetala,Malvaceae,30.6,0.45,0.27,0.12,15,0.64,Plot2_11
436,2,Sterculia rhinopetala,Malvaceae,27.4,0.42,0.14,0.11,12,0.64,Plot2_11
437,2,Sterculia rhinopetala,Malvaceae,29.5,0.41,0.22,0.13,15,0.64,Plot2_11
438,2,Strombosia pustulata,Olacaceae,24,0.33,0.18,0.11,11,0.83,Plot2_11
439,2,Strombosia pustulata,Olacaceae,20.2,0.23,0.17,0.09,12,0.83,Plot2_11
440,2,Strombosia pustulata,Olacaceae,33,0.42,0.21,0.13,11,0.83,Plot2_11
441,2,Strombosia pustulata,Olacaceae,38,0.44,0.29,0.11,17,0.83,Plot2_11
442,2,Strombosia pustulata,Olacaceae,37.2,0.57,0.25,0.15,16,0.83,Plot2_11
443,2,Strombosia pustulata,Olacaceae,33,0.38,0.32,0.12,10,0.83,Plot2_11
444,2,Strombosia pustulata,Olacaceae,25,0.33,0.18,0.1,11,0.83,Plot2_11
445,2,Strombosia pustulata,Olacaceae,25,0.32,0.18,0.14,17.3,0.83,Plot2_11
446,2,Strombosia pustulata,Olacaceae,34,0.41,0.22,0.13,19,0.83,Plot2_11
447,2,Strombosia pustulata,Olacaceae,29,0.37,0.15,0.1,16.9,0.83,Plot2_11
448,2,Strombosia pustulata,Olacaceae,26.5,0.33,0.19,0.14,16.3,0.83,Plot2_11
449,2,Strombosia pustulata,Olacaceae,31.5,0.42,0.18,0.15,16,0.83,Plot2_11
450,2,Strombosia pustulata,Olacaceae,44,0.59,0.33,0.2,13,0.83,Plot2_11
451,2,Triplochiton scleroxylon,Malvaceae,23.8,0.34,0.18,0.12,10,0.34,Plot2_11
452,2,Afzelia africana,Fabaceae,175,1.88,1.5,0.8,19.8,0.67,Plot2_11
453,2,Afzelia africana,Fabaceae,130,1.55,0.97,0.5,21,0.67,Plot2_11
454,2,Afzelia africana,Fabaceae,84,1.05,0.7,0.55,12,0.67,Plot2_11
455,2,Afzelia africana,Fabaceae,62.3,0.69,0.65,0.35,13,0.67,Plot2_11
456,2,Antiaris toxicaria,Moraceae,20.3,0.26,0.14,0.08,8,0.38,Plot2_11
457,2,Cordia millenii,Boraginaceae,43.6,0.53,0.3,0.22,10,0.52,Plot2_11
458,2,Ficus exasperata,Moraceae,167,1.85,1.05,0.75,16.5,0.34,Plot2_11
459,2,Hevea brasiliensis,Euphorbiaceae,32,0.35,0.2,0.14,10,0.49,Plot2_11
460,2,Lovoa trichilioides,Meliaceae,26.5,0.32,0.21,0.19,14,0.48,Plot2_12
461,2,Lovoa trichilioides,Meliaceae,27.5,0.37,0.2,0.18,13,0.48,Plot2_12
462,2,Lovoa trichilioides,Meliaceae,40,0.46,0.25,0.18,13,0.48,Plot2_12
463,2,Lovoa trichilioides,Meliaceae,94,1.13,0.68,0.55,11,0.48,Plot2_12
464,2,Mansonia altissima,Malvaceae,45.2,0.5,0.25,0.16,15,0.58,Plot2_12
465,2,Mansonia altissima,Malvaceae,43,0.43,0.2,0.12,14,0.58,Plot2_12
466,2,Sterculia rhinopetala,Malvaceae,35.5,0.56,0.22,0.15,16.5,0.64,Plot2_12
467,2,Sterculia rhinopetala,Malvaceae,37.5,0.44,0.28,0.16,15,0.64,Plot2_12
468,2,Sterculia rhinopetala,Malvaceae,32.3,0.37,0.2,0.13,12,0.64,Plot2_12
469,2,Sterculia rhinopetala,Malvaceae,27.5,0.35,0.2,0.11,12,0.64,Plot2_12
470,2,Strombosia pustulata,Olacaceae,23,0.3,0.17,0.12,13,0.83,Plot2_12
471,2,Strombosia pustulata,Olacaceae,20,0.26,0.15,0.11,12,0.83,Plot2_12
472,2,Strombosia pustulata,Olacaceae,36.5,0.41,0.25,0.18,15,0.83,Plot2_12
473,2,Strombosia pustulata,Olacaceae,23,0.29,0.17,0.11,12,0.83,Plot2_12
474,2,Terminalia superba,Combretaceae,63,0.63,0.4,0.32,12.3,0.45,Plot2_12
475,2,Triplochiton scleroxylon,Malvaceae,26,0.34,0.18,0.1,12,0.34,Plot2_12
476,2,Afzelia africana,Fabaceae,110,1.3,0.65,0.3,27,0.67,Plot2_12
477,2,Albizia ferruginea,Fabaceae,55,0.7,0.4,0.35,12,0.47,Plot2_12
478,2,Antiaris toxicaria,Moraceae,30,0.35,0.16,0.12,13,0.38,Plot2_12
479,2,Antiaris toxicaria,Moraceae,23,0.3,0.1,0.05,13,0.38,Plot2_12
480,2,Bridelia ferruginea,Phyllanthaceae,34.9,0.51,0.2,0.14,22,0.47,Plot2_12
481,2,Euphorbia tirucalli,Euphorbiaceae,30,0.42,0.22,0.1,22,0.48,Plot2_12
482,2,Gossweileirodendron balsamiferum,Fabaceae,30.8,0.37,0.23,0.18,20,0.29,Plot2_12
483,2,Lovoa trichilioides,Meliaceae,21,0.27,0.12,0.07,13,0.48,Plot2_12
484,2,Lovoa trichilioides,Meliaceae,52,0.6,0.25,0.18,20,0.48,Plot2_12
485,2,Lovoa trichilioides,Meliaceae,22,0.3,0.15,0.06,11,0.48,Plot2_12
486,2,Mansonia altissima,Malvaceae,20,0.3,0.1,0.06,12,0.58,Plot2_13
487,2,Mansonia altissima,Malvaceae,38.5,0.46,0.22,0.12,14,0.58,Plot2_13
488,2,Mansonia altissima,Malvaceae,22,0.25,0.13,0.04,15,0.58,Plot2_13
489,2,Sterculia rhinopetala,Malvaceae,76.5,0.87,0.4,0.35,10,0.64,Plot2_13
490,2,Sterculia rhinopetala,Malvaceae,42,0.53,0.3,0.21,17,0.64,Plot2_13
491,2,Sterculia rhinopetala,Malvaceae,25.5,0.28,0.15,0.1,14.2,0.64,Plot2_13
492,2,Sterculia rhinopetala,Malvaceae,26,0.32,0.18,0.12,18.2,0.64,Plot2_13
493,2,Sterculia rhinopetala,Malvaceae,30.2,0.4,0.19,0.15,13,0.64,Plot2_13
494,2,Sterculia rhinopetala,Malvaceae,39,0.57,0.2,0.16,18,0.64,Plot2_13
495,2,Strombosia pustulata,Olacaceae,31,0.42,0.2,0.11,15,0.83,Plot2_13
496,2,Strombosia pustulata,Olacaceae,34,0.43,0.25,0.15,18,0.83,Plot2_13
497,2,Strombosia pustulata,Olacaceae,22.5,0.26,0.2,0.16,18,0.83,Plot2_13
498,2,Strombosia pustulata,Olacaceae,21,0.26,0.16,0.09,17,0.83,Plot2_13
499,2,Strombosia pustulata,Olacaceae,24.5,0.29,0.18,0.12,12,0.83,Plot2_13
500,2,Terminalia superba,Combretaceae,25,0.32,0.2,0.12,14,0.45,Plot2_13
501,2,Triplochiton scleroxylon,Malvaceae,60,0.7,0.25,0.2,25,0.34,Plot2_13
502,2,Triplochiton scleroxylon,Malvaceae,26.4,0.54,0.25,0.2,24,0.34,Plot2_13
503,2,Triplochiton scleroxylon,Malvaceae,42.5,0.61,0.25,0.19,15.7,0.34,Plot2_13
504,2,Afzelia africana,Fabaceae,38.9,0.46,0.22,0.14,13.5,0.67,Plot2_13
505,2,Albizia ferruginea,Fabaceae,46,0.55,0.38,0.26,18,0.47,Plot2_13
506,2,Antiaris africana,Moraceae,40.2,0.56,0.3,0.2,14.5,0.37,Plot2_13
507,2,Antiaris africana,Moraceae,85,1,0.6,0.4,23.1,0.37,Plot2_13
508,2,Antiaris toxicaria,Moraceae,30,0.34,0.23,0.15,17,0.38,Plot2_13
509,2,Brachystegia nigerica,Fabaceae,86.1,1.05,0.65,0.3,12,0.52,Plot2_13
510,2,Cordia millenii,Boraginaceae,50,0.61,0.42,0.2,15,0.52,Plot2_13
511,2,Cordia millenii,Boraginaceae,29,0.36,0.2,0.15,11,0.52,Plot2_13
512,2,Cordia millenii,Boraginaceae,65,0.8,0.39,0.18,15,0.52,Plot2_14
513,2,Cordia millenii,Boraginaceae,80,1,0.65,0.3,16,0.52,Plot2_14
514,2,Cordia millenii,Boraginaceae,75,1.2,0.6,0.45,24,0.52,Plot2_14
515,2,Cordia millenii,Boraginaceae,57.1,0.84,0.4,0.2,19.5,0.52,Plot2_14
516,2,Cordia millenii,Boraginaceae,39.2,0.52,0.28,0.2,15,0.52,Plot2_14
517,2,Crossopteryx febrifuga,Rubiaceae,60.4,0.69,0.5,0.35,25.3,0.7,Plot2_14
518,2,Lovoa trichilioides,Meliaceae,25,0.27,0.18,0.1,16,0.48,Plot2_14
519,2,Sterculia rhinopetala,Malvaceae,24.2,0.29,0.2,0.15,14.5,0.64,Plot2_14
520,2,Sterculia rhinopetala,Malvaceae,50.4,0.67,0.4,0.21,14.5,0.64,Plot2_14
521,2,Sterculia rhinopetala,Malvaceae,43.6,0.59,0.58,0.2,16,0.64,Plot2_14
522,2,Triplochiton scleroxylon,Malvaceae,60,0.68,0.4,0.2,23,0.34,Plot2_14
523,2,Triplochiton scleroxylon,Malvaceae,45.3,0.54,0.35,0.2,17.5,0.34,Plot2_14
524,2,Triplochiton scleroxylon,Malvaceae,53.4,0.7,0.4,0.25,18,0.34,Plot2_14
525,2,Albizia lebbeck,Fabaceae,85,1.05,0.6,0.3,12,0.52,Plot2_14
526,2,Ceiba pentandra,Malvaceae,30,0.74,0.15,0.1,10,0.3,Plot2_14
527,2,Ceiba pentandra,Malvaceae,130,1.3,1,0.5,16.9,0.3,Plot2_14
528,2,Ceiba pentandra,Malvaceae,43.2,0.51,0.34,0.2,14.6,0.3,Plot2_14
529,2,Cordia millenii,Boraginaceae,31,0.4,0.15,0.08,11,0.52,Plot2_14
530,2,Cordia millenii,Boraginaceae,55,0.81,0.4,0.33,10,0.52,Plot2_14
531,2,Cordia millenii,Boraginaceae,29,0.37,0.22,0.1,13,0.52,Plot2_14
532,2,Hevea brasiliensis,Euphorbiaceae,25,0.32,0.2,0.12,12.5,0.49,Plot2_14
533,2,Lovoa trichilioides,Meliaceae,23,0.28,0.11,0.08,12,0.48,Plot2_14
534,2,Piptadeniastrum africanum,Fabaceae,42,0.53,0.36,0.29,10,0.64,Plot2_14
535,2,Pterygota macrocarpa,Malvaceae,75,0.9,0.56,0.4,14.7,0.52,Plot2_14
536,2,Sterculia rhinopetala,Malvaceae,22,0.28,0.15,0.08,12,0.64,Plot2_14
537,2,Sterculia rhinopetala,Malvaceae,40,0.65,0.35,0.28,15.5,0.64,Plot2_14
538,2,Sterculia rhinopetala,Malvaceae,28,0.5,0.2,0.12,13.1,0.64,Plot2_15
539,2,Sterculia rhinopetala,Malvaceae,22,0.27,0.18,0.1,12,0.64,Plot2_15
540,2,Terminalia superba,Combretaceae,110,1.1,0.6,0.3,25,0.45,Plot2_15
541,2,Terminalia superba,Combretaceae,120,1.2,1,0.5,20,0.45,Plot2_15
542,2,Triplochiton scleroxylon,Malvaceae,84,1.1,0.6,0.4,12,0.34,Plot2_15
543,2,Afzelia africana,Fabaceae,30.8,0.42,0.13,0.08,17.4,0.67,Plot2_15
544,2,Albizia ferruginea,Fabaceae,22.1,0.27,0.21,0.11,25,0.47,Plot2_15
545,2,Albizia lebbeck,Fabaceae,20,0.36,0.18,0.1,9.5,0.52,Plot2_15
546,2,Albizia zygia,Fabaceae,37.6,0.47,0.17,0.08,18.7,0.46,Plot2_15
547,2,Albizia zygia,Fabaceae,53.2,0.65,0.3,0.34,15.2,0.46,Plot2_15
548,2,Albizia zygia,Fabaceae,20.5,0.28,0.09,0.06,15.9,0.46,Plot2_15
549,2,Antiaris africana,Moraceae,77,1,0.55,0.25,35,0.37,Plot2_15
550,2,Antiaris africana,Moraceae,55,0.67,0.26,0.15,33,0.37,Plot2_15
551,2,Antiaris africana,Moraceae,50.9,0.6,0.43,0.21,29.4,0.37,Plot2_15
552,2,Blighia sapida,Sapindaceae,21,0.45,0.28,0.02,16,0.81,Plot2_15
553,2,Brachystegia eurycoma ,Fabaceae,75.7,0.8,0.32,0.16,28.3,0.52,Plot2_15
554,2,Canarium schweinfurthi,Burseraceae,74,0.86,0.32,0.16,32,0.33,Plot2_15
555,2,Cordia millenii,Boraginaceae,29.2,0.34,0.18,0.11,23.4,0.52,Plot2_15
556,2,Ficus exasperata,Moraceae,29.7,0.39,0.19,0.12,12.5,0.34,Plot2_15
557,2,Hevea brasiliensis,Euphorbiaceae,28.7,0.22,0.07,0.04,21.6,0.49,Plot2_15
558,2,Hevea brasiliensis,Euphorbiaceae,27,0.31,0.15,0.09,22.4,0.49,Plot2_15
559,2,Khaya ivorensis,Meliaceae,79.1,0.89,0.46,0.3,34,0.45,Plot2_15
560,2,Lophira alata,Ochnaceae,47,0.58,0.23,0.33,10,0.88,Plot2_15
561,2,Mansonia altissima,Malvaceae,20.8,0.25,0.17,0.01,7.5,0.58,Plot2_15
562,2,Mansonia altissima,Malvaceae,54,0.58,0.45,0.25,17.35,0.58,Plot2_15
563,2,Mitragyna ciliata,Rubiaceae,110,1.4,1.05,0.92,36,0.46,Plot2_15
564,2,Sterculia rhinopetala,Malvaceae,23,0.26,0.08,0.07,13.5,0.64,Plot2_16
565,2,Sterculia rhinopetala,Malvaceae,39.2,0.53,0.32,0.09,19,0.64,Plot2_16
566,2,Sterculia rhinopetala,Malvaceae,72.3,0.63,0.25,0.1,29,0.64,Plot2_16
567,2,Strombosia pustulata,Olacaceae,20.5,0.28,0.13,0.05,16.2,0.83,Plot2_16
568,2,Strombosia pustulata,Olacaceae,47.2,0.6,0.32,0.23,31,0.83,Plot2_16
569,2,Triplochiton scleroxylon,Malvaceae,37.2,0.41,0.42,0.18,18.7,0.34,Plot2_16
570,2,Triplochiton scleroxylon,Malvaceae,24.5,0.26,0.54,0.21,25.7,0.34,Plot2_16
571,2,Triplochiton scleroxylon,Malvaceae,35.8,0.4,0.3,0.08,18,0.34,Plot2_16
572,2,Afzelia africana,Fabaceae,200,2.1,1.7,0.8,14,0.67,Plot2_16
573,2,Albizia ferruginea,Fabaceae,60.5,0.75,0.56,0.21,11,0.47,Plot2_16
574,2,Albizia ferruginea,Fabaceae,34,0.43,0.29,0.16,12,0.47,Plot2_16
575,2,Alstonia boonei,Apocynaceae,41.5,0.46,0.27,0.19,21,0.37,Plot2_16
576,2,Alstonia boonei,Apocynaceae,21,0.32,0.14,0.06,15,0.37,Plot2_16
577,2,Alstonia boonei,Apocynaceae,22.8,0.35,0.16,0.11,14,0.37,Plot2_16
578,2,Cordia millenii,Boraginaceae,34.5,0.4,0.25,0.08,15,0.52,Plot2_16
579,2,Cordia millenii,Boraginaceae,44,0.55,0.32,0.19,11,0.52,Plot2_16
580,2,Hevea brasiliensis,Euphorbiaceae,31.6,0.35,0.29,0.17,15,0.49,Plot2_16
581,2,Hevea brasiliensis,Euphorbiaceae,28.3,0.29,0.2,0.12,9,0.49,Plot2_16
582,2,Lovoa trichilioides,Meliaceae,55,0.68,0.43,0.11,17,0.48,Plot2_16
583,2,Mansonia altissima,Malvaceae,31.5,0.4,0.23,0.12,12,0.58,Plot2_16
584,2,Mansonia altissima,Malvaceae,34.8,0.42,0.26,0.06,16,0.58,Plot2_16
585,2,Mansonia altissima,Malvaceae,20,0.27,0.16,0.11,12,0.58,Plot2_16
586,2,Pterygota macrocarpa,Malvaceae,70,0.75,0.7,0.52,13.2,0.52,Plot2_16
587,2,Sterculia rhinopetala,Malvaceae,60,0.69,0.49,0.18,12,0.64,Plot2_16
588,2,Sterculia rhinopetala,Malvaceae,25.2,0.35,0.21,0.11,11,0.64,Plot2_16
589,2,Sterculia rhinopetala,Malvaceae,28.9,0.37,0.19,0.1,13,0.64,Plot2_16
590,2,Sterculia rhinopetala,Malvaceae,67,0.82,0.55,0.21,10,0.64,Plot2_16
591,3,Strombosia pustulata,Olacaceae,33.4,0.39,0.28,0.11,12,0.83,Plot3_1
592,3,Strombosia pustulata,Olacaceae,22,0.26,0.15,0.09,11,0.83,Plot3_1
593,3,Triplochiton scleroxylon,Malvaceae,49.6,0.74,0.35,0.1,20,0.34,Plot3_1
594,3,Triplochiton scleroxylon,Malvaceae,55,0.7,0.35,0.16,16,0.34,Plot3_1
595,3,Afzelia africana,Fabaceae,64,0.84,0.4,0.31,19,0.67,Plot3_1
596,3,Bombax buonopozense,Malvaceae,20,0.23,0.14,0.08,11.7,0.32,Plot3_1
597,3,Bombax buonopozense,Malvaceae,55,0.68,0.37,0.25,20,0.32,Plot3_1
598,3,Cordia millenii,Boraginaceae,66.7,0.83,0.5,0.35,15.2,0.52,Plot3_1
599,3,Cordia millenii,Boraginaceae,57.7,1,0.5,0.3,17,0.52,Plot3_1
600,3,Cordia millenii,Boraginaceae,45,0.6,0.23,0.1,15,0.52,Plot3_1
601,3,Cordia millenii,Boraginaceae,38,0.46,0.3,0.18,21,0.52,Plot3_1
602,3,Cordia africana,Boraginaceae,50,0.5,0.28,0.15,16,0.47,Plot3_1
603,3,Gossweileirodendron balsamiferum,Fabaceae,65,0.78,0.47,0.3,16,0.29,Plot3_1
604,3,Gossweileirodendron balsamiferum,Fabaceae,31,0.4,0.2,0.14,12,0.29,Plot3_1
605,3,Hevea brasiliensis,Euphorbiaceae,28.4,0.31,0.2,0.12,14.6,0.49,Plot3_1
606,3,Hevea brasiliensis,Euphorbiaceae,24,0.29,0.19,0.1,11,0.49,Plot3_1
607,3,Khaya ivorensis,Meliaceae,46,0.51,0.23,0.17,10,0.45,Plot3_1
608,3,Nesogordonia papaverifera,Malvaceae,67,0.79,0.46,0.23,17.4,0.65,Plot3_1
609,3,Pterygota macrocarpa,Malvaceae,59,0.59,0.5,0.3,16,0.52,Plot3_1
610,3,Pterygota macrocarpa,Malvaceae,25,0.32,0.2,0.15,14.1,0.52,Plot3_1
611,3,Pterygota macrocarpa,Malvaceae,60,0.6,0.42,0.27,17,0.52,Plot3_1
612,3,Sterculia rhinopetala,Malvaceae,25,0.5,0.15,0.12,19.6,0.64,Plot3_1
613,3,Sterculia rhinopetala,Malvaceae,48,0.53,0.43,0.29,17.1,0.64,Plot3_1
614,3,Sterculia rhinopetala,Malvaceae,39,0.39,0.3,0.19,13.3,0.64,Plot3_1
615,3,Sterculia rhinopetala,Malvaceae,27,0.39,0.19,0.14,15,0.64,Plot3_1
616,3,Sterculia rhinopetala,Malvaceae,20,0.23,0.16,0.09,12.4,0.64,Plot3_1
617,3,Sterculia rhinopetala,Malvaceae,36,0.45,0.29,0.18,15,0.64,Plot3_1
618,3,Sterculia rhinopetala,Malvaceae,24,0.96,0.2,0.14,14,0.64,Plot3_1
619,3,Sterculia rhinopetala,Malvaceae,40,0.4,0.22,0.15,17.5,0.64,Plot3_1
620,3,Sterculia rhinopetala,Malvaceae,31,0.44,0.22,0.1,14,0.64,Plot3_1
621,3,Sterculia rhinopetala,Malvaceae,75,0.75,0.55,0.37,22,0.64,Plot3_1
622,3,Sterculia rhinopetala,Malvaceae,37,0.4,0.25,0.12,23,0.64,Plot3_1
623,3,Terminalia superba,Combretaceae,43,0.6,0.28,0.17,20,0.45,Plot3_1
624,3,Terminalia superba,Combretaceae,40,0.55,0.29,0.18,18,0.45,Plot3_1
625,3,Terminalia superba,Combretaceae,80,0.8,0.5,0.2,20,0.45,Plot3_1
626,3,Terminalia superba,Combretaceae,25,0.36,0.2,0.12,14,0.45,Plot3_1
627,3,Afzelia africana,Fabaceae,28,0.79,0.18,0.12,27.1,0.67,Plot3_1
628,3,Afzelia africana,Fabaceae,57.2,0.73,0.5,0.33,23.7,0.67,Plot3_1
629,3,Afzelia africana,Fabaceae,55,0.58,0.48,0.37,30.2,0.67,Plot3_1
630,3,Alstonia boonei,Apocynaceae,28.2,0.33,0.2,0.18,18.2,0.37,Plot3_1
631,3,Antiaris africana,Moraceae,27.2,0.29,0.22,0.18,13,0.37,Plot3_2
632,3,Antiaris africana,Moraceae,20.5,0.23,0.15,0.12,13,0.37,Plot3_2
633,3,Antiaris africana,Moraceae,23,0.26,0.18,0.12,17,0.37,Plot3_2
634,3,Bombax buonopozense,Malvaceae,29.5,0.37,0.13,0.07,28.5,0.32,Plot3_2
635,3,Bosqueia angolensis,Moraceae,87,0.87,0.45,0.25,27.5,0.64,Plot3_2
636,3,Bosqueia angolensis,Moraceae,35,0.38,0.33,0.3,4.3,0.64,Plot3_2
637,3,Chrysophyllum perpulchrum,Sapotaceae,29,0.36,0.18,0.09,18.3,0.68,Plot3_2
638,3,Cola gigantea,Malvaceae,32.8,0.39,0.22,0.18,19,0.54,Plot3_2
639,3,Cola gigantea,Malvaceae,57.8,0.66,0.44,0.25,28,0.54,Plot3_2
640,3,Cola gigantea,Malvaceae,22,0.23,0.15,0.1,8.2,0.54,Plot3_2
641,3,Cordia millenii,Boraginaceae,42.5,0.46,0.35,0.2,17.5,0.52,Plot3_2
642,3,Cordia millenii,Boraginaceae,45,0.49,0.35,0.22,28.5,0.52,Plot3_2
643,3,Cordia platythyrsa,Boraginaceae,22.5,0.24,0.18,0.08,19,0.52,Plot3_2
644,3,Cordia platythyrsa,Boraginaceae,57.2,0.84,0.36,0.25,27.5,0.52,Plot3_2
645,3,Ficus exasperata,Moraceae,23.5,0.26,0.18,0.08,18,0.34,Plot3_2
646,3,Ficus exasperata,Moraceae,27.5,0.29,0.2,0.15,17,0.34,Plot3_2
647,3,Irvingia gabonensis,Irvingiaceae,37,0.5,0.33,0.18,15.4,0.87,Plot3_2
648,3,Irvingia gabonensis,Irvingiaceae,28.2,0.33,0.25,0.12,12,0.87,Plot3_2
649,3,Lophira alata,Ochnaceae,39,0.5,0.37,0.23,9.2,0.88,Plot3_2
650,3,Mansonia altissima,Malvaceae,25.5,0.27,0.18,0.12,21,0.58,Plot3_2
651,3,Mansonia altissima,Malvaceae,20.5,0.24,0.18,0.12,22,0.58,Plot3_3
652,3,Mansonia altissima,Malvaceae,27,0.33,0.23,0.16,17.4,0.58,Plot3_3
653,3,Milicia excelsa,Moraceae,85,1.2,0.73,0.43,32.8,0.59,Plot3_3
654,3,Mitragyna ciliata,Rubiaceae,30,0.38,0.24,0.15,14.3,0.46,Plot3_3
655,3,Mitragyna ciliata,Rubiaceae,26.5,0.29,0.18,0.15,12,0.46,Plot3_3
656,3,Mitragyna ciliata,Rubiaceae,44.8,0.56,0.33,0.17,26.4,0.46,Plot3_3
657,3,Sterculia rhinopetala,Malvaceae,24,0.29,0.18,0.1,16.5,0.64,Plot3_3
658,3,Terminalia superba,Combretaceae,37.8,0.42,0.24,0.18,18.5,0.45,Plot3_3
659,3,Treculia africana,Moraceae,23.4,0.29,0.23,0.16,10.6,0.45,Plot3_3
660,3,Treculia africana,Moraceae,21.5,0.27,0.18,0.08,19,0.45,Plot3_3
661,3,Triplochiton scleroxylon,Malvaceae,77.5,0.83,0.54,0.3,25,0.34,Plot3_3
662,3,Triplochiton scleroxylon,Malvaceae,55,0.58,0.45,0.28,30.8,0.34,Plot3_3
663,3,Triplochiton scleroxylon,Malvaceae,37,0.43,0.28,0.25,30.5,0.34,Plot3_3
664,3,Triplochiton scleroxylon,Malvaceae,30.5,0.35,0.26,0.2,23.6,0.34,Plot3_3
665,3,Afzelia africana,Fabaceae,92,1.12,0.8,0.5,24,0.67,Plot3_3
666,3,Antiaris africana,Moraceae,35,0.5,0.22,0.16,15,0.37,Plot3_3
667,3,Ceiba pentandra,Malvaceae,80,0.08,0.8,0.4,17,0.3,Plot3_3
668,3,Ceiba pentandra,Malvaceae,70.5,0.86,0.46,0.3,15,0.3,Plot3_3
669,3,Ceiba pentandra,Malvaceae,58,0.75,0.3,0.16,13,0.3,Plot3_3
670,3,Cordia millenii,Boraginaceae,30,0.3,0.2,0.17,23,0.52,Plot3_3
671,3,Cordia millenii,Boraginaceae,34,0.42,0.26,0.14,10,0.52,Plot3_4
672,3,Cordia millenii,Boraginaceae,31,0.36,0.2,0.13,14,0.52,Plot3_4
673,3,Cordia millenii,Boraginaceae,24,0.3,0.22,0.14,12,0.52,Plot3_4
674,3,Cordia platythyrsa,Boraginaceae,110,1.1,0.87,0.56,16,0.52,Plot3_4
675,3,Khaya ivorensis,Meliaceae,23,0.36,0.2,0.14,11,0.45,Plot3_4
676,3,Khaya ivorensis,Meliaceae,40,0.62,0.32,0.25,14,0.45,Plot3_4
677,3,Mansonia altissima,Malvaceae,22,0.28,0.17,0.13,12,0.58,Plot3_4
678,3,Pouteria alnifolia,Fabaceae,51,0.66,0.4,0.22,12,0.55,Plot3_4
679,3,Pterygota macrocarpa,Malvaceae,70,0.7,0.58,0.4,14,0.52,Plot3_4
680,3,Pterygota macrocarpa,Malvaceae,100,1,0.8,0.7,14,0.52,Plot3_4
681,3,Pterygota macrocarpa,Malvaceae,112,1.2,0.85,0.7,16,0.52,Plot3_4
682,3,Sterculia rhinopetala,Malvaceae,40,0.57,0.25,0.15,16,0.64,Plot3_4
683,3,Trichilia monadelpha,Meliaceae,25,0.29,0.18,0.14,12,0.48,Plot3_4
684,3,Trichilia monadelpha,Meliaceae,38,0.47,0.22,0.15,14,0.48,Plot3_4
685,3,Afzelia africana,Fabaceae,34,0.38,0.18,0.12,17,0.67,Plot3_4
686,3,Albizia zygia,Fabaceae,20,0.28,0.14,0.08,13.4,0.46,Plot3_4
687,3,Alstonia boonei,Apocynaceae,18,0.32,0.15,0.15,25.2,0.37,Plot3_4
688,3,Bombax buonopozense,Malvaceae,24,0.27,0.18,0.2,17,0.32,Plot3_4
689,3,Bombax buonopozense,Malvaceae,31.3,0.58,0.32,0.22,26.5,0.32,Plot3_4
690,3,Bombax buonopozense,Malvaceae,86,1.06,0.55,0.32,252,0.32,Plot3_4
691,3,Bosqueia angolensis,Moraceae,49,0.6,0.32,0.24,28.5,0.64,Plot3_4
692,3,Brachystegia nigerica,Fabaceae,36,0.42,0.3,0.27,26.5,0.52,Plot3_4
693,3,Brachystegia nigerica,Fabaceae,28.2,0.34,0.27,0.24,28.5,0.52,Plot3_4
694,3,Celtis zenkeri,Cannabaceae,26.2,0.28,0.23,0.18,8.3,0.65,Plot3_4
695,3,Celtis zenkeri,Cannabaceae,25.6,0.27,0.18,0.1,7,0.65,Plot3_4
696,3,Cola gigantea,Malvaceae,51,0.59,0.37,0.25,25.2,0.54,Plot3_4
697,3,Cola gigantea,Malvaceae,75,0.58,0.42,0.35,27.5,0.54,Plot3_4
698,3,Cordia millenii,Boraginaceae,47,0.31,0.15,0.09,12,0.52,Plot3_4
699,3,Cordia platythyrsa,Boraginaceae,39.5,0.54,0.35,0.2,15.5,0.52,Plot3_4
700,3,Funtumia elastica,Apocynaceae,24,0.25,0.18,0.04,11,0.51,Plot3_4
701,3,Funtumia elastica,Apocynaceae,32.3,0.45,0.28,0.17,23.5,0.51,Plot3_4
702,3,Irvingia gabonensis,Irvingiaceae,34,0.45,0.28,0.11,23.4,0.87,Plot3_4
703,3,Irvingia gabonensis,Irvingiaceae,22.4,0.26,0.18,0.16,11.5,0.87,Plot3_4
704,3,Lovoa trichilioides,Meliaceae,27.5,0.33,0.18,0.08,13.2,0.48,Plot3_4
705,3,Mansonia altissima,Malvaceae,21,0.23,0.09,0.07,9.7,0.58,Plot3_4
706,3,Mansonia altissima,Malvaceae,34.8,0.29,0.24,0.23,17.5,0.58,Plot3_5
707,3,Mansonia altissima,Malvaceae,32,0.37,0.27,0.23,17,0.58,Plot3_5
708,3,Mansonia altissima,Malvaceae,52,0.61,0.42,0.32,22.5,0.58,Plot3_5
709,3,Mansonia altissima,Malvaceae,21,0.23,0.17,0.15,11,0.58,Plot3_5
710,3,Milicia excelsa,Moraceae,39.5,0.48,0.27,0.9,28.5,0.59,Plot3_5
711,3,Milicia excelsa,Moraceae,26.8,0.36,0.24,0.17,23.5,0.59,Plot3_5
712,3,Milicia excelsa,Moraceae,25.2,0.3,0.17,0.12,22.5,0.59,Plot3_5
713,3,Pterygota macrocarpa,Malvaceae,24.8,0.29,0.18,0.15,24.5,0.52,Plot3_5
714,3,Pterygota macrocarpa,Malvaceae,31,0.35,0.27,0.25,32,0.52,Plot3_5
715,3,Pycnanthus angolensis,Myristicaceae,30,0.43,0.26,0.17,12.5,0.44,Plot3_5
716,3,Sterculia rhinopetala,Malvaceae,20.5,0.25,0.2,0.13,7,0.64,Plot3_5
717,3,Sterculia rhinopetala,Malvaceae,81.2,1.09,0.73,0.6,12.2,0.64,Plot3_5
718,3,Sterculia tragacantha,Malvaceae,25,0.28,0.18,0.12,24.5,0.48,Plot3_5
719,3,Strombosia pustulata,Olacaceae,56.9,0.77,0.52,0.43,26,0.83,Plot3_5
720,3,Strombosia pustulata,Olacaceae,36,0.43,0.27,0.22,30,0.83,Plot3_5
721,3,Strombosia pustulata,Olacaceae,73.6,0.82,0.48,0.32,30,0.83,Plot3_5
722,3,Strombosia pustulata,Olacaceae,38,0.51,0.32,0.22,24,0.83,Plot3_5
723,3,Terminalia superba,Combretaceae,170,2,0.9,0.62,33,0.45,Plot3_5
724,3,Terminalia superba,Combretaceae,45.5,0.57,0.38,0.22,25,0.45,Plot3_5
725,3,Triplochiton scleroxylon,Malvaceae,26.3,0.36,0.24,0.15,20,0.34,Plot3_5
726,3,Afzelia africana,Fabaceae,52,0.68,0.62,0.29,38.6,0.67,Plot3_5
727,3,Albizia ferruginea,Fabaceae,25.7,0.29,0.18,0.11,9.8,0.47,Plot3_5
728,3,Alstonia boonei,Apocynaceae,34.7,0.49,0.24,0.18,25,0.37,Plot3_5
729,3,Alstonia boonei,Apocynaceae,48.5,0.56,0.31,0.18,27,0.37,Plot3_5
730,3,Antiaris toxicaria,Moraceae,21.2,0.25,0.12,0.08,13.5,0.38,Plot3_5
731,3,Bombax buonopozense,Malvaceae,25,0.31,0.18,0.08,10.2,0.32,Plot3_5
732,3,Bombax buonopozense,Malvaceae,26.2,0.3,0.2,0.12,17,0.32,Plot3_5
733,3,Bosqueia angolensis,Moraceae,26,0.36,0.24,0.18,22,0.64,Plot3_5
734,3,Brachystegia nigerica,Fabaceae,120,1.7,0.85,0.63,31,0.52,Plot3_5
735,3,Canarium schweinfurthi,Burseraceae,25.1,0.28,0.24,0.12,11.3,0.33,Plot3_5
736,3,Cola gigantea,Malvaceae,24.5,0.29,0.17,0.15,17,0.54,Plot3_5
737,3,Cordia millenii,Boraginaceae,42,0.43,0.25,0.17,19,0.52,Plot3_5
738,3,Zanthoxylum zanthoxyloides,Rutaceae,24.8,0.27,0.19,0.16,14.5,0.59,Plot3_5
739,3,Hevea brasiliensis,Euphorbiaceae,33.6,0.43,0.24,0.18,25.5,0.49,Plot3_5
740,3,Hevea brasiliensis,Euphorbiaceae,42.1,0.45,0.17,0.14,7.2,0.49,Plot3_5
741,3,Irvingia gabonensis,Irvingiaceae,45.2,0.53,0.26,0.18,32,0.87,Plot3_6
742,3,Lophira alata,Ochnaceae,44.8,0.6,0.36,0.2,29,0.88,Plot3_6
743,3,Lophira alata,Ochnaceae,38,0.43,0.36,0.34,13,0.88,Plot3_6
744,3,Lophira alata,Ochnaceae,40.6,0.42,0.38,0.25,18.7,0.88,Plot3_6
745,3,Lovoa trichilioides,Meliaceae,35,0.38,0.18,0.15,17.1,0.48,Plot3_6
746,3,Lovoa trichilioides,Meliaceae,34.3,0.46,0.34,0.27,23.7,0.48,Plot3_6
747,3,Mansonia altissima,Malvaceae,30.4,0.41,0.22,0.14,28,0.58,Plot3_6
748,3,Mansonia altissima,Malvaceae,33.5,0.4,0.18,0.12,25,0.58,Plot3_6
749,3,Mansonia altissima,Malvaceae,62.8,0.8,0.41,0.25,23.6,0.58,Plot3_6
750,3,Sterculia tragacantha,Malvaceae,28.2,0.33,0.15,0.12,18,0.48,Plot3_6
751,3,Terminalia ivorensis,Combretaceae,28,0.33,0.18,0.08,24,0.48,Plot3_6
752,3,Terminalia ivorensis,Combretaceae,29,0.34,0.24,0.18,35,0.48,Plot3_6
753,3,Terminalia ivorensis,Combretaceae,28.5,0.29,0.3,0.23,14,0.48,Plot3_6
754,3,Triplochiton scleroxylon,Malvaceae,44,0.51,0.37,0.21,21.9,0.34,Plot3_6
755,3,Triplochiton scleroxylon,Malvaceae,55.5,0.73,0.4,0.22,22,0.34,Plot3_6
756,3,Afzelia africana,Fabaceae,66.7,0.53,0.44,0.33,32.2,0.67,Plot3_6
757,3,Afzelia africana,Fabaceae,50.8,0.65,0.53,0.33,24,0.67,Plot3_6
758,3,Afzelia africana,Fabaceae,120,1.52,0.8,0.7,33,0.67,Plot3_6
759,3,Albizia lebbeck,Fabaceae,53.1,0.7,0.43,0.54,8.9,0.52,Plot3_6
760,3,Albizia lebbeck,Fabaceae,30,0.45,0.28,0.3,14,0.52,Plot3_6
761,3,Albizia lebbeck,Fabaceae,26.8,0.3,0.12,0.08,16,0.52,Plot3_6
762,3,Alstonia boonei,Apocynaceae,38.7,0.49,0.3,0.18,12,0.37,Plot3_6
763,3,Alstonia boonei,Apocynaceae,48.2,0.57,0.25,0.18,21,0.37,Plot3_6
764,3,Alstonia boonei,Apocynaceae,24.6,0.31,0.15,0.08,20,0.37,Plot3_6
765,3,Antiaris africana,Moraceae,29.5,0.33,0.22,0.18,17,0.37,Plot3_6
766,3,Bombax buonopozense,Malvaceae,37,0.39,0.25,0.24,15,0.32,Plot3_6
767,3,Canarium schweinfurthi,Burseraceae,53,0.68,0.46,0.23,28,0.33,Plot3_6
768,3,Cordia millenii,Boraginaceae,27.3,0.57,0.24,0.15,36.7,0.52,Plot3_6
769,3,Cordia millenii,Boraginaceae,52.2,0.52,0.6,0.5,12,0.52,Plot3_6
770,3,Ficus exasperata,Moraceae,25.5,0.32,0.18,0.1,26,0.34,Plot3_6
771,3,Funtumia elastica,Apocynaceae,20,0.24,0.08,0.06,9,0.51,Plot3_7
772,3,Gossweileirodendron balsamiferum,Fabaceae,36.2,0.42,0.33,0.14,29.5,0.29,Plot3_7
773,3,Gossweileirodendron balsamiferum,Fabaceae,40.5,0.51,0.35,0.2,32,0.29,Plot3_7
774,3,Hevea brasiliensis,Euphorbiaceae,55.2,0.62,0.45,0.25,10.1,0.49,Plot3_7
775,3,Hevea brasiliensis,Euphorbiaceae,63.4,0.65,0.48,0.25,19.2,0.49,Plot3_7
776,3,Hevea brasiliensis,Euphorbiaceae,35.5,0.29,0.18,0.12,21,0.49,Plot3_7
777,3,Hevea brasiliensis,Euphorbiaceae,28.3,0.35,0.21,0.12,17,0.49,Plot3_7
778,3,Sterculia rhinopetala,Malvaceae,26.8,0.39,0.18,0.15,13,0.64,Plot3_7
779,3,Sterculia rhinopetala,Malvaceae,42.5,0.35,0.08,0.12,22,0.64,Plot3_7
780,3,Sterculia rhinopetala,Malvaceae,43.5,0.49,0.32,0.18,18,0.64,Plot3_7
781,3,Strombosia pustulata,Olacaceae,22.1,0.25,0.2,0.18,12,0.83,Plot3_7
782,3,Terminalia ivorensis,Combretaceae,29.1,0.34,0.16,0.08,18.4,0.48,Plot3_7
783,3,Terminalia ivorensis,Combretaceae,21.5,0.22,0.14,0.1,12,0.48,Plot3_7
784,3,Terminalia superba,Combretaceae,67,0.75,0.6,0.5,12.6,0.45,Plot3_7
785,3,Triplochiton scleroxylon,Malvaceae,30,0.35,0.18,0.07,26.3,0.34,Plot3_7
786,3,Triplochiton scleroxylon,Malvaceae,98,0.6,0.4,0.35,30,0.34,Plot3_7
787,3,Triplochiton scleroxylon,Malvaceae,30,0.34,0.18,0.12,28,0.34,Plot3_7
788,3,Alstonia boonei,Apocynaceae,25,0.3,0.19,0.15,17.5,0.37,Plot3_7
789,3,Brachystegia nigerica,Fabaceae,24,0.27,0.18,0.12,8.3,0.52,Plot3_7
790,3,Celtis zenkeri,Cannabaceae,45.3,0.58,0.3,0.25,16.3,0.65,Plot3_7
791,3,Celtis zenkeri,Cannabaceae,87,1.05,0.75,0.5,27,0.65,Plot3_7
792,3,Cola gigantea,Malvaceae,28,0.34,0.18,0.19,11.2,0.54,Plot3_7
793,3,Cola gigantea,Malvaceae,21.5,0.28,0.18,0.1,17.2,0.54,Plot3_7
794,3,Cordia millenii,Boraginaceae,36,0.46,0.23,0.19,16.5,0.52,Plot3_7
795,3,Cordia millenii,Boraginaceae,42,0.39,0.18,0.17,7,0.52,Plot3_7
796,3,Crossopteryx febrifuga,Rubiaceae,82,0.95,0.65,0.32,21.5,0.7,Plot3_7
797,3,Crossopteryx febrifuga,Rubiaceae,30,0.32,0.29,0.22,25,0.7,Plot3_7
798,3,Ficus exasperata,Moraceae,26.8,0.23,0.24,0.17,7,0.34,Plot3_7
799,4,Gossweileirodendron balsamiferum,Fabaceae,32,0.55,0.28,0.22,27.2,0.29,Plot4_1
800,4,Gossweileirodendron balsamiferum,Fabaceae,32,0.34,0.25,0.17,19,0.29,Plot4_1
801,4,Hunteria umbellate ,Apocynaceae,39,0.4,0.29,0.18,12.5,0.72,Plot4_1
802,4,Hunteria umbellate ,Apocynaceae,51.5,0.56,0.42,0.32,16.5,0.72,Plot4_1
803,4,Irvingia gabonensis,Irvingiaceae,27,0.31,0.22,0.18,22.5,0.87,Plot4_1
804,4,Khaya ivorensis,Meliaceae,55,0.72,0.55,0.32,37.5,0.45,Plot4_1
805,4,Khaya ivorensis,Meliaceae,23.4,0.31,0.18,0.12,8,0.45,Plot4_1
806,4,Lovoa trichilioides,Meliaceae,25,0.27,0.26,0.24,2.9,0.48,Plot4_1
807,4,Mitragyna ciliata,Rubiaceae,44,0.47,0.28,0.18,22,0.46,Plot4_1
808,4,Pycnanthus angolensis,Myristicaceae,56,0.7,0.42,0.3,27,0.44,Plot4_1
809,4,Spathodea campanulata,Bignoniaceae,20,0.35,0.24,0.18,10.5,0.23,Plot4_1
810,4,Sterculia oblonga,Malvaceae,22,0.3,0.2,0.7,12,0.61,Plot4_1
811,4,Sterculia rhinopetala,Malvaceae,22,0.33,0.18,0.08,9.2,0.64,Plot4_1
812,4,Sterculia rhinopetala,Malvaceae,21.3,0.25,0.14,0.09,12.5,0.64,Plot4_1
813,4,Sterculia rhinopetala,Malvaceae,29,0.33,0.22,0.18,17,0.64,Plot4_1
814,4,Sterculia tragacantha,Malvaceae,23,0.32,0.17,0.12,17,0.48,Plot4_1
815,4,Strombosia pustulata,Olacaceae,26.7,0.34,0.22,0.17,19.5,0.83,Plot4_1
816,4,Triplochiton scleroxylon,Malvaceae,157,1.8,1.2,0.8,32,0.34,Plot4_1
817,4,Triplochiton scleroxylon,Malvaceae,23,0.26,0.18,0.1,14.2,0.34,Plot4_1
818,4,Afzelia africana,Fabaceae,68.5,0.76,0.45,0.3,25,0.67,Plot4_1
819,4,Alstonia boonei,Apocynaceae,23.9,0.33,0.18,0.17,12,0.37,Plot4_1
820,4,Alstonia boonei,Apocynaceae,45,0.78,0.31,0.32,27,0.37,Plot4_1
821,4,Antiaris africana,Moraceae,43.5,0.27,0.18,0.12,11,0.37,Plot4_1
822,4,Ceiba pentandra,Malvaceae,88,0.99,0.72,0.51,13.7,0.3,Plot4_1
823,4,Cordia millenii,Boraginaceae,185,2.15,1.6,1,27,0.52,Plot4_1
824,4,Cordia millenii,Boraginaceae,27.5,0.43,0.25,0.17,14,0.52,Plot4_1
825,4,Crossopteryx febrifuga,Rubiaceae,87.5,0.95,0.65,0.5,24.5,0.7,Plot4_1
826,4,Crossopteryx febrifuga,Rubiaceae,26.2,0.35,0.19,0.12,13,0.7,Plot4_1
827,4,Ficus exasperata,Moraceae,25,0.26,0.2,0.18,9,0.34,Plot4_1
828,4,Funtumia elastica,Apocynaceae,26,0.36,0.18,0.14,12,0.51,Plot4_1
829,4,Hunteria umbellate ,Apocynaceae,55,0.73,0.47,0.18,17,0.72,Plot4_2
830,4,Irvingia gabonensis,Irvingiaceae,48,0.54,0.37,0.29,26,0.87,Plot4_2
831,4,Irvingia gabonensis,Irvingiaceae,24,0.26,0.18,0.08,9.3,0.87,Plot4_2
832,4,Irvingia gabonensis,Irvingiaceae,32.1,0.38,0.22,0.17,22,0.87,Plot4_2
833,4,Irvingia gabonensis,Irvingiaceae,34,0.44,0.26,0.21,16,0.87,Plot4_2
834,4,Khaya grandifoliola,Meliaceae,70,1.75,1.2,0.85,27,0.62,Plot4_2
835,4,Milicia excelsa,Moraceae,64,0.68,0.62,0.31,19,0.59,Plot4_2
836,4,Mitragyna ciliata,Rubiaceae,23,0.26,0.2,0.09,15,0.46,Plot4_2
837,4,Pycnanthus angolensis,Myristicaceae,152,1.85,1.2,0.62,29,0.44,Plot4_2
838,4,Sterculia oblonga,Malvaceae,50,0.7,0.33,0.28,27,0.61,Plot4_2
839,4,Sterculia rhinopetala,Malvaceae,27,0.31,0.2,0.17,14.2,0.64,Plot4_2
840,4,Sterculia rhinopetala,Malvaceae,21.5,0.24,0.18,0.17,13.2,0.64,Plot4_2
841,4,Sterculia rhinopetala,Malvaceae,27.5,0.31,0.18,0.15,16.5,0.64,Plot4_2
842,4,Sterculia tragacantha,Malvaceae,48,0.56,0.41,0.23,14.7,0.48,Plot4_2
843,4,Strombosia pustulata,Olacaceae,34,0.4,0.24,0.11,18.4,0.83,Plot4_2
844,4,Terminalia superba,Combretaceae,75,1.4,0.4,0.2,14,0.45,Plot4_2
845,4,Terminalia superba,Combretaceae,230,2.5,1.6,0.7,22,0.45,Plot4_2
846,4,Treculia africana,Moraceae,21,0.2,0.14,0.08,7.2,0.45,Plot4_2
847,4,Afzelia africana,Fabaceae,49,0.59,0.32,0.18,22,0.67,Plot4_2
848,4,Albizia zygia,Fabaceae,28,0.32,0.22,0.2,15.5,0.46,Plot4_2
849,4,Albizia zygia,Fabaceae,36.5,0.41,0.29,0.22,18,0.46,Plot4_2
850,4,Alstonia boonei,Apocynaceae,35.4,0.4,0.28,0.19,23,0.37,Plot4_2
851,4,Alstonia boonei,Apocynaceae,34.4,0.4,0.1,0.28,14,0.37,Plot4_2
852,4,Antiaris africana,Moraceae,37.6,0.72,0.2,0.26,9,0.37,Plot4_2
853,4,Antiaris africana,Moraceae,31.5,0.4,0.28,0.18,17,0.37,Plot4_2
854,4,Antiaris africana,Moraceae,22.7,0.3,0.15,0.1,11,0.37,Plot4_3
855,4,Antiaris africana,Moraceae,21.5,0.34,0.15,0.1,21,0.37,Plot4_3
856,4,Bombax buonopozense,Malvaceae,29,0.33,0.23,0.18,15,0.32,Plot4_3
857,4,Bombax buonopozense,Malvaceae,23.5,0.31,0.18,0.11,9.6,0.32,Plot4_3
858,4,Celtis zenkeri,Cannabaceae,33,0.35,0.26,0.18,17.5,0.65,Plot4_3
859,4,Cordia millenii,Boraginaceae,29,0.33,0.23,0.18,18,0.52,Plot4_3
860,4,Drypetes paxii ,Putranjivaceae,37.8,0.45,0.27,0.23,24.6,0.66,Plot4_3
861,4,Khaya ivorensis,Meliaceae,75,0.85,0.4,0.2,25.5,0.45,Plot4_3
862,4,Lovoa trichilioides,Meliaceae,72.8,0.88,0.55,0.32,27,0.48,Plot4_3
863,4,Lovoa trichilioides,Meliaceae,69,0.76,0.45,0.29,25,0.48,Plot4_3
864,4,Lovoa trichilioides,Meliaceae,24.5,0.29,0.19,0.14,15.5,0.48,Plot4_3
865,4,Mansonia altissima,Malvaceae,64.4,0.72,0.55,0.35,23.2,0.58,Plot4_3
866,4,Mansonia altissima,Malvaceae,69,1.6,0.45,0.54,30,0.58,Plot4_3
867,4,Mansonia altissima,Malvaceae,42,0.46,0.3,0.24,17,0.58,Plot4_3
868,4,Milicia excelsa,Moraceae,31.5,0.34,0.25,0.2,16.5,0.59,Plot4_3
869,4,Pterygota macrocarpa,Malvaceae,23,0.27,0.19,0.15,14,0.52,Plot4_3
870,4,Pterygota macrocarpa,Malvaceae,50.5,0.57,0.37,0.22,26,0.52,Plot4_3
871,4,Pterygota macrocarpa,Malvaceae,28.7,0.37,0.23,0.18,24,0.52,Plot4_3
872,4,Sterculia oblonga,Malvaceae,25,0.3,0.18,0.09,21.7,0.61,Plot4_3
873,4,Sterculia rhinopetala,Malvaceae,43,0.48,0.28,0.28,27.9,0.64,Plot4_3
874,4,Sterculia rhinopetala,Malvaceae,58,0.64,0.38,0.28,27,0.64,Plot4_3
875,4,Strombosia pustulata,Olacaceae,23,0.27,0.11,0.07,17.5,0.83,Plot4_3
876,4,Terminalia ivorensis,Combretaceae,120,1.3,0.98,0.27,32,0.48,Plot4_3
877,4,Terminalia ivorensis,Combretaceae,180,2.4,1.2,0.85,22,0.48,Plot4_3
878,4,Terminalia ivorensis,Combretaceae,74,0.82,0.56,0.3,16,0.48,Plot4_3
879,4,Terminalia superba,Combretaceae,195,2.35,1.2,0.8,27,0.45,Plot4_3
880,4,Triplochiton scleroxylon,Malvaceae,130,2.05,0.65,0.42,32,0.34,Plot4_4
881,4,Afzelia africana,Fabaceae,50,0.64,0.33,0.26,14.6,0.67,Plot4_4
882,4,Afzelia africana,Fabaceae,35,0.37,0.29,0.18,8.7,0.67,Plot4_4
883,4,Alstonia boonei,Apocynaceae,24,0.26,0.18,0.07,12,0.37,Plot4_4
884,4,Brachystegia nigerica,Fabaceae,23,0.26,0.21,0.17,8.4,0.52,Plot4_4
885,4,Cordia platythyrsa,Boraginaceae,25,0.29,0.17,0.11,12.4,0.52,Plot4_4
886,4,Cordia platythyrsa,Boraginaceae,47,0.48,0.4,0.38,11.2,0.52,Plot4_4
887,4,Entandrophragma angolense,Meliaceae,27,0.3,0.23,0.11,16,0.58,Plot4_4
888,4,Gossweileirodendron balsamiferum,Fabaceae,43,0.44,0.23,0.14,11.5,0.29,Plot4_4
889,4,Mansonia altissima,Malvaceae,21,0.22,0.14,0.07,15.4,0.58,Plot4_4
890,4,Mansonia altissima,Malvaceae,21,0.33,0.17,0.08,12,0.58,Plot4_4
891,4,Mansonia altissima,Malvaceae,31,0.33,0.18,0.11,12.7,0.58,Plot4_4
892,4,Mansonia altissima,Malvaceae,20,0.22,0.14,0.06,9,0.58,Plot4_4
893,4,Mitragyna ciliata,Rubiaceae,58,0.64,0.39,0.28,17.5,0.46,Plot4_4
894,4,Mitragyna ciliata,Rubiaceae,33,0.37,0.22,0.18,11.3,0.46,Plot4_4
895,4,Ricinodendron heudelotii,Euphorbiaceae,24,0.26,0.2,0.09,15.2,0.22,Plot4_4
896,4,Sterculia oblonga,Malvaceae,29,0.35,0.23,0.16,14,0.61,Plot4_4
897,4,Sterculia rhinopetala,Malvaceae,73,0.92,0.5,0.32,14.2,0.64,Plot4_4
898,4,Strombosia pustulata,Olacaceae,31.2,0.38,0.18,0.12,23,0.83,Plot4_4
899,4,Terminalia ivorensis,Combretaceae,47,0.5,0.42,0.31,10.3,0.48,Plot4_4
900,4,Terminalia superba,Combretaceae,29,0.32,0.24,0.16,10.7,0.45,Plot4_4
901,4,Triplochiton scleroxylon,Malvaceae,38,0.42,0.34,0.23,13,0.34,Plot4_4
902,4,Triplochiton scleroxylon,Malvaceae,96,1.1,0.62,0.4,31,0.34,Plot4_4
903,4,Afzelia africana,Fabaceae,28.5,0.32,0.2,0.15,15,0.67,Plot4_4
904,4,Afzelia africana,Fabaceae,38,0.32,0.2,0.15,15,0.67,Plot4_5
905,4,Albizia zygia,Fabaceae,23.8,0.25,0.23,0.3,30.5,0.46,Plot4_5
906,4,Antiaris africana,Moraceae,20,0.25,0.18,0.14,10.5,0.37,Plot4_5
907,4,Brachystegia nigerica,Fabaceae,24,0.34,0.18,0.15,18,0.52,Plot4_5
908,4,Celtis zenkeri,Cannabaceae,46,0.29,0.18,0.21,8,0.65,Plot4_5
909,4,Celtis zenkeri,Cannabaceae,32,0.41,0.25,0.1,21,0.65,Plot4_5
910,4,Cordia millenii,Boraginaceae,55,0.68,0.62,0.23,6.5,0.52,Plot4_5
911,4,Entandrophragma angolense,Meliaceae,75,0.82,0.4,0.25,23.5,0.58,Plot4_5
912,4,Zanthoxylum zanthoxyloides,Rutaceae,35,0.39,0.27,0.52,18,0.59,Plot4_5
913,4,Gossweileirodendron balsamiferum,Fabaceae,37,0.48,0.27,0.18,26.5,0.29,Plot4_5
914,4,Khaya ivorensis,Meliaceae,41.8,0.51,0.28,0.23,9,0.45,Plot4_5
915,4,Mansonia altissima,Malvaceae,85,1.05,0.6,0.55,16.5,0.58,Plot4_5
916,4,Mansonia altissima,Malvaceae,49,0.56,0.38,0.3,18,0.58,Plot4_5
917,4,Mansonia altissima,Malvaceae,75,0.8,0.4,0.08,20,0.58,Plot4_5
918,4,Milicia excelsa,Moraceae,22.5,0.25,0.18,0.13,4.5,0.59,Plot4_5
919,4,Pterygota macrocarpa,Malvaceae,52,0.6,0.27,0.21,15.5,0.52,Plot4_5
920,4,Pterygota macrocarpa,Malvaceae,44,0.52,0.25,0.14,18,0.52,Plot4_5
921,4,Ricinodendron heudelotii,Euphorbiaceae,45.5,0.5,0.24,0.24,25,0.22,Plot4_5
922,4,Sterculia oblonga,Malvaceae,34,0.37,0.27,0.25,20,0.61,Plot4_5
923,4,Sterculia rhinopetala,Malvaceae,46,0.41,0.25,0.2,20,0.64,Plot4_5
924,4,Strombosia pustulata,Olacaceae,26.5,0.31,0.19,0.15,27,0.83,Plot4_5
925,4,Strombosia pustulata,Olacaceae,30,0.35,0.25,0.15,15.6,0.83,Plot4_5
926,4,Strombosia pustulata,Olacaceae,53,0.39,0.28,0.22,23,0.83,Plot4_5
927,4,Terminalia ivorensis,Combretaceae,32,0.41,0.24,0.21,18,0.48,Plot4_5
928,4,Terminalia ivorensis,Combretaceae,54,0.58,0.32,0.19,15,0.48,Plot4_5
929,4,Terminalia ivorensis,Combretaceae,65,0.65,0.5,0.35,18.2,0.48,Plot4_6
930,4,Terminalia superba,Combretaceae,52,0.61,0.3,0.16,16.2,0.45,Plot4_6
931,4,Terminalia superba,Combretaceae,49,0.55,0.4,0.21,27,0.45,Plot4_6
932,4,Triplochiton scleroxylon,Malvaceae,120,1.52,0.7,0.4,34,0.34,Plot4_6
933,4,Lecaniodiscus cupanioides,Sapindaceae,10.2,0.18,0.11,0.02,6.8,0.43,Plot4_6
934,4,Lecaniodiscus cupanioides,Sapindaceae,9,0.1,0.06,0.03,5.8,0.43,Plot4_6
935,4,Boscia angustifolia,Capparaceae,26.3,0.39,0.18,0.07,16.5,0.59,Plot4_6
936,4,Boscia angustifolia,Capparaceae,32,0.31,0.18,0.1,19.5,0.59,Plot4_6
937,4,Milicia excelsa,Moraceae,112,1.12,0.82,0.3,28,0.59,Plot4_6
938,4,Cola nitida,Malvaceae,30.5,0.37,0.22,0.08,17,0.66,Plot4_6
939,4,Sterculia tragacantha,Malvaceae,25.3,0.31,0.19,0.1,14.8,0.48,Plot4_6
940,4,Hunteria umbellate ,Apocynaceae,17,0.23,0.16,0.06,14,0.72,Plot4_6
941,4,Boscia angustifolia,Capparaceae,16,0.2,0.17,0.09,16,0.59,Plot4_6
942,4,Pycnanthus angolensis,Myristicaceae,33.2,0.36,0.17,0.05,16.8,0.44,Plot4_6
943,4,Boscia angustifolia,Capparaceae,38.4,0.45,0.24,0.1,17.8,0.59,Plot4_6
944,4,Funtumia elastica,Apocynaceae,12.5,0.15,0.11,0.04,12.1,0.51,Plot4_6
945,4,Celtis zenkeri,Cannabaceae,28.6,0.3,0.22,0.11,15.9,0.65,Plot4_6
946,4,Boscia angustifolia,Capparaceae,26.1,0.33,0.22,0.09,16.2,0.59,Plot4_6
947,4,Funtumia elastica,Apocynaceae,17.6,0.2,0.15,0.08,15.9,0.51,Plot4_6
948,4,Pausinystalia brachythyrsa,Rubiaceae,50.1,0.5,0.24,0.11,23,0.6,Plot4_6
949,4,Cordia africana,Boraginaceae,28.5,0.35,0.18,0.1,15.5,0.47,Plot4_6
950,4,Boscia angustifolia,Capparaceae,54.5,0.55,0.38,0.16,15.9,0.59,Plot4_6
951,4,Funtumia elastica,Apocynaceae,24.8,0.26,0.2,0.07,18.9,0.51,Plot4_6
952,4,Diospyros crassiflora ,Ebenaceae,16.5,0.17,0.08,0.01,4.8,0.9,Plot4_6
953,4,Pycnanthus angolensis,Myristicaceae,75.5,0.85,0.48,0.18,18.5,0.44,Plot4_6
954,4,Entandrophragma angolense,Meliaceae,39,0.41,0.19,0.14,26.8,0.58,Plot4_6
955,4,Cordia millenii,Boraginaceae,33.4,0.36,0.23,0.09,14.2,0.52,Plot4_6
956,4,Phyllanthus discoides,Euphorbiaceae,52,0.58,0.41,0.19,18,0.75,Plot4_6
957,4,Pycnanthus angolensis,Myristicaceae,11.8,0.14,0.1,0.03,11,0.44,Plot4_6
958,4,Pausinystalia brachythyrsa,Rubiaceae,11.1,0.12,0.08,0.02,11,0.6,Plot4_6
959,4,Pycnanthus angolensis,Myristicaceae,11.1,0.14,0.07,0.01,9.5,0.44,Plot4_6
960,4,Alstonia boonei,Apocynaceae,44.3,0.53,0.4,0.17,21,0.37,Plot4_6
961,4,Pycnanthus angolensis,Myristicaceae,12.6,0.15,0.1,0.03,9,0.44,Plot4_7
962,4,Pycnanthus angolensis,Myristicaceae,25.6,0.32,0.16,0.07,14.8,0.44,Plot4_7
963,4,Diospyros monbuttensis,Ebenaceae,26,0.29,0.25,0.08,14.5,0.9,Plot4_7
964,4,Boscia angustifolia,Capparaceae,15.3,0.21,0.16,0.05,11,0.59,Plot4_7
965,4,Celtis zenkeri,Cannabaceae,12.9,0.15,0.11,0.02,9.5,0.65,Plot4_7
966,4,Sterculia rhinopetala,Malvaceae,10.5,0.14,0.08,0.02,14.5,0.64,Plot4_7
967,4,Pycnanthus angolensis,Myristicaceae,38.4,0.42,0.2,0.15,22.5,0.44,Plot4_7
968,4,Ricinodendron heudelotii,Euphorbiaceae,20.5,0.27,0.1,0.03,11.8,0.22,Plot4_7
969,4,Sterculia rhinopetala,Malvaceae,15.5,0.2,0.18,0.07,14,0.64,Plot4_7
970,4,Pycnanthus angolensis,Myristicaceae,42.9,0.49,0.34,0.12,16.5,0.44,Plot4_7
971,4,Hunteria umbellate ,Apocynaceae,18,0.18,0.13,0.05,12.5,0.72,Plot4_7
972,4,Cordia millenii,Boraginaceae,13.6,0.18,0.12,0.03,9.8,0.52,Plot4_7
973,4,Nauclea diderrichii,Rubiaceae,22.2,0.3,0.24,0.08,16.5,0.69,Plot4_7
974,4,Desplatsia dewevrei,Malvaceae,15,0.15,0.11,0.03,11.2,0.62,Plot4_7
975,4,Desplatsia dewevrei,Malvaceae,19.3,0.19,0.14,0.03,11.8,0.62,Plot4_7
976,4,Cleistopholis patens,Annonaceae,16.6,0.18,0.16,0.05,13.8,0.37,Plot4_7
977,4,Khaya grandifoliola,Meliaceae,9.3,0.12,0.07,0.01,5.6,0.62,Plot4_7
978,4,Boscia angustifolia,Capparaceae,20.2,0.27,0.18,0.06,14.8,0.59,Plot4_7
979,4,Boscia angustifolia,Capparaceae,23.5,0.28,0.18,0.09,23.5,0.59,Plot4_7
980,4,Cordia africana,Boraginaceae,20.6,0.23,0.14,0.05,13.8,0.47,Plot4_7
981,4,Milicia excelsa,Moraceae,27.9,0.33,0.2,0.09,17.8,0.59,Plot4_7
982,4,Boscia angustifolia,Capparaceae,17.2,0.23,0.14,0.05,13,0.59,Plot4_7
983,4,Cleistopholis patens,Annonaceae,56.9,0.73,0.45,0.15,23.5,0.37,Plot4_7
984,4,Myrianthus arboreus,Urticaceae,12.2,0.15,0.08,0.03,5.8,0.43,Plot4_7
985,4,Cola gigantea,Malvaceae,21.8,0.28,0.17,0.08,14.9,0.54,Plot4_7
986,4,Khaya grandifoliola,Meliaceae,11,0.15,0.09,0.03,6,0.62,Plot4_8
987,4,Pausinystalia brachythyrsa,Rubiaceae,23.8,0.29,0.16,0.05,13.9,0.6,Plot4_8
988,4,Diospyros monbuttensis,Ebenaceae,21.8,0.27,0.14,0.05,14,0.9,Plot4_8
989,4,Hunteria umbellate ,Apocynaceae,18.9,0.2,0.13,0.02,11,0.72,Plot4_8
990,4,Ricinodendron heudelotii,Euphorbiaceae,8,0.85,0.58,0.24,16.5,0.22,Plot4_8
991,4,Diospyros crassiflora ,Ebenaceae,20.5,0.24,0.16,0.04,11.8,0.9,Plot4_8
992,4,Diospyros crassiflora ,Ebenaceae,18,0.2,0.15,0.05,12,0.9,Plot4_8
993,4,Hunteria umbellate ,Apocynaceae,16.5,0.19,0.14,0.02,9,0.72,Plot4_8
994,4,Celtis zenkeri,Cannabaceae,13.2,0.19,0.11,0.03,11,0.65,Plot4_8
995,4,Hunteria umbellate ,Apocynaceae,13.9,0.17,0.1,0.02,11,0.72,Plot4_8
996,4,Drypetes paxii ,Putranjivaceae,15,0.18,0.11,0.03,9.8,0.66,Plot4_8
997,4,Khaya grandifoliola,Meliaceae,12.1,0.16,0.06,0.02,8.5,0.62,Plot4_8
998,4,Zanthoxylum zanthoxyloides,Rutaceae,12.5,0.18,0.06,0.01,8,0.59,Plot4_8
999,4,Boscia angustifolia,Capparaceae,15.4,0.19,0.14,0.04,9.9,0.59,Plot4_8
1000,4,Hunteria umbellate ,Apocynaceae,19.4,0.23,0.14,0.03,12,0.72,Plot4_8
1001,4,Boscia angustifolia,Capparaceae,42,0.42,0.19,0.05,16.5,0.59,Plot4_8
1002,4,Celtis zenkeri,Cannabaceae,21.1,0.24,0.16,0.04,13.5,0.65,Plot4_8
1003,4,Afzelia africana,Fabaceae,98,1.05,0.58,0.25,18.9,0.67,Plot4_8
1004,4,Funtumia elastica,Apocynaceae,19.5,0.22,0.15,0.04,11.8,0.51,Plot4_8
1005,4,Strombosia pustulata,Olacaceae,27,0.34,0.14,0.03,13.5,0.83,Plot4_8
1006,4,Afzelia africana,Fabaceae,125,1.24,0.85,0.16,28,0.67,Plot4_8
1007,4,Bridelia micrantha,Phyllanthaceae,18.5,0.29,0.16,0.05,8.5,0.47,Plot4_8
1008,4,Bridelia micrantha,Phyllanthaceae,56,0.56,0.21,0.08,12,0.47,Plot4_8
1009,4,Bridelia micrantha,Phyllanthaceae,13.8,0.16,0.1,0.02,10,0.47,Plot4_8
1010,4,Bridelia micrantha,Phyllanthaceae,20.7,0.25,0.14,0.06,17.5,0.47,Plot4_8
1011,4,Ceiba pentandra,Malvaceae,115,1.15,0.8,0.24,28.5,0.3,Plot4_9
1012,4,Celtis zenkeri,Cannabaceae,11.5,0.13,0.82,0.01,7.5,0.65,Plot4_9
1013,4,Celtis zenkeri,Cannabaceae,56.5,0.57,0.34,0.17,28,0.65,Plot4_9
1014,4,Celtis zenkeri,Cannabaceae,18.8,0.25,0.12,0.02,14.8,0.65,Plot4_9
1015,4,Celtis zenkeri,Cannabaceae,25.4,0.34,0.16,0.09,16.8,0.65,Plot4_9
1016,4,Celtis zenkeri,Cannabaceae,49.5,0.5,0.28,0.18,24.5,0.65,Plot4_9
1017,4,Chrysophyllum perpulchrum,Sapotaceae,38.4,0.58,0.16,0.06,22,0.68,Plot4_9
1018,4,Cola gigantea,Malvaceae,22.5,0.25,0.21,0.09,6.7,0.54,Plot4_9
1019,4,Cola millenii,Malvaceae,20,0.31,0.16,0.08,14.5,0.77,Plot4_9
1020,4,Cola millenii,Malvaceae,12.8,0.15,0.09,0.03,5.8,0.77,Plot4_9
1021,4,Daniellia ogea,Fabaceae,53.3,0.55,0.25,0.14,24,0.31,Plot4_9
1022,4,Drypetes paxii ,Putranjivaceae,13.4,0.17,0.08,0.03,5,0.66,Plot4_9
1023,4,Entandrophragma angolense,Meliaceae,52.6,0.71,0.28,0.15,26,0.58,Plot4_9
1024,4,Hunteria umbellate ,Apocynaceae,21,0.29,0.14,0.03,7,0.72,Plot4_9
1025,4,Hunteria umbellate ,Apocynaceae,13.8,0.16,0.13,0.05,8.5,0.72,Plot4_9
1026,4,Pausinystalia brachythyrsa,Rubiaceae,105,1.05,0.65,0.19,29,0.6,Plot4_9
1027,4,Phyllanthus discoides,Euphorbiaceae,32.3,0.3,0.22,0.18,4,0.75,Plot4_9
1028,4,Pterygota macrocarpa,Malvaceae,12.3,0.16,0.1,0.03,6.8,0.52,Plot4_9
1029,4,Pycnanthus angolensis,Myristicaceae,59,0.85,0.28,0.04,24.8,0.44,Plot4_9
1030,4,Pycnanthus angolensis,Myristicaceae,28.4,0.31,0.16,0.03,18.8,0.44,Plot4_9
1031,4,Pycnanthus angolensis,Myristicaceae,47.4,0.52,0.42,0.15,21.8,0.44,Plot4_9
1032,4,Pycnanthus angolensis,Myristicaceae,10.2,0.13,0.08,0.03,6.5,0.44,Plot4_9
1033,4,Sterculia rhinopetala,Malvaceae,86,0.86,0.48,0.15,27.5,0.64,Plot4_9
1034,4,Xylopia aethiopica,Annonaceae,36.5,0.37,0.16,0.11,14.8,0.44,Plot4_9
1035,4,Daniellia ogea,Fabaceae,20.3,0.24,0.14,0.09,16.8,0.31,Plot4_9
1036,4,Celtis zenkeri,Cannabaceae,12.8,0.17,0.09,0.03,13.5,0.65,Plot4_9
1037,4,Piptadeniastrum africanum,Fabaceae,32.3,0.32,0.18,0.1,16.5,0.64,Plot4_9
1038,4,Bombax buonopozense,Malvaceae,58.3,0.58,0.34,0.16,28.5,0.32,Plot4_9
1039,4,Hunteria umbellate ,Apocynaceae,16.6,0.21,0.09,0.03,6.8,0.72,Plot4_9
1040,4,Celtis zenkeri,Cannabaceae,17,0.2,0.11,0.03,7.5,0.65,Plot4_9
1041,4,Cola nitida,Malvaceae,38.9,0.44,0.25,0.11,16.8,0.66,Plot4_9
1042,4,Distemonanthus benthamianus,Fabaceae,21.9,0.25,0.12,0.03,6.5,0.6,Plot4_9
1043,4,Zanthoxylum zanthoxyloides,Rutaceae,32.5,0.33,0.18,0.12,16,0.59,Plot4_9
1044,4,Bridelia micrantha,Phyllanthaceae,10,0.12,0.06,0.01,5.6,0.47,Plot4_9
1045,4,Cola nitida,Malvaceae,12.8,0.15,0.11,0.03,8.6,0.66,Plot4_9
1046,4,Chrysophyllum perpulchrum,Sapotaceae,15.8,0.2,0.12,0.04,12.8,0.68,Plot4_10
1047,4,Celtis zenkeri,Cannabaceae,90,0.9,0.45,0.17,30,0.65,Plot4_10
1048,4,Distemonanthus benthamianus,Fabaceae,32.5,0.33,0.15,0.04,11.5,0.6,Plot4_10
1049,4,Sterculia rhinopetala,Malvaceae,20.1,0.25,0.14,0.07,14.8,0.64,Plot4_10
1050,4,Musanga cecropioides,Urticaceae,80,0.8,0.48,0.15,18,0.39,Plot4_10
1051,4,Strombosia grandifolia,Olacaceae,17.5,0.21,0.12,0.04,10.8,0.9,Plot4_10
1052,4,Cola millenii,Malvaceae,10.4,0.14,0.06,0.03,6.8,0.77,Plot4_10
1053,4,Strombosia grandifolia,Olacaceae,10,0.15,0.07,0.03,6.8,0.9,Plot4_10
1054,4,Cola millenii,Malvaceae,12.7,0.16,0.12,0.04,6.8,0.77,Plot4_10
1055,4,Cola gigantea,Malvaceae,41.6,0.54,0.26,0.14,18,0.54,Plot4_10
1056,4,Ficus mucuso,Moraceae,11.5,0.16,0.11,0.03,7.8,0.41,Plot4_10
1057,4,Ficus elastica,Moraceae,10.1,0.12,0.1,0.03,8.5,0.34,Plot4_10
1058,4,Monodora tenuifolia,Annonaceae,18.8,0.22,0.14,0.05,7.5,0.49,Plot4_10
1059,4,Celtis zenkeri,Cannabaceae,29,0.32,0.2,0.15,14.4,0.65,Plot4_10
1060,4,Pycnanthus angolensis,Myristicaceae,11.5,0.13,0.07,0.02,7.5,0.44,Plot4_10
1061,4,Cordia millenii,Boraginaceae,12.2,0.12,0.08,0.02,6.5,0.52,Plot4_10
1062,4,Sterculia rhinopetala,Malvaceae,33,0.35,0.24,0.1,16.8,0.64,Plot4_10
1063,4,Celtis zenkeri,Cannabaceae,25.6,0.28,0.18,0.09,14.8,0.65,Plot4_10
1064,4,Celtis zenkeri,Cannabaceae,135,1.35,0.78,0.25,32,0.65,Plot4_10
1065,4,Bosqueia angolensis,Moraceae,36.3,0.52,0.16,0.1,13.8,0.64,Plot4_10
1066,4,Parkia biglobosa,Fabaceae,22.6,0.36,0.16,0.07,14,0.53,Plot4_10
1067,4,Celtis zenkeri,Cannabaceae,18,0.26,0.14,0.05,6.8,0.65,Plot4_10
1068,4,Chrysophyllum perpulchrum,Sapotaceae,31,0.33,0.19,0.08,13.8,0.68,Plot4_10
1069,4,Brachystegia nigerica,Fabaceae,125,1.25,0.48,0.15,29,0.52,Plot4_10
1070,4,Celtis zenkeri,Cannabaceae,85.2,0.85,0.28,0.14,18.2,0.65,Plot4_10
1071,4,Celtis zenkeri,Cannabaceae,28,0.36,0.14,0.11,12.5,0.65,Plot4_10
1072,4,Sterculia rhinopetala,Malvaceae,22.2,0.38,0.15,0.03,11.5,0.64,Plot4_10
1073,4,Cola millenii,Malvaceae,25.6,0.3,0.08,0.03,11,0.77,Plot4_10
1074,4,Cola gigantea,Malvaceae,19,0.28,0.12,0.04,9.5,0.54,Plot4_10
1075,4,Celtis zenkeri,Cannabaceae,14.8,0.25,0.12,0.03,8.5,0.65,Plot4_10
1076,4,Sterculia rhinopetala,Malvaceae,20.9,0.27,0.16,0.07,14.8,0.64,Plot4_10
1077,4,Cola gigantea,Malvaceae,12.5,0.17,0.1,0.03,7,0.54,Plot4_10
1078,4,Brachystegia nigerica,Fabaceae,65.5,0.83,0.38,0.22,22.5,0.52,Plot4_11
1079,4,Celtis zenkeri,Cannabaceae,34,0.34,0.24,0.12,16.8,0.65,Plot4_11
1080,4,Hunteria umbellate ,Apocynaceae,9.6,0.12,0.06,0.01,5.8,0.72,Plot4_11
1081,4,Lecaniodiscus cupanioides,Sapindaceae,14.8,0.22,0.12,0.07,5,0.43,Plot4_11
1082,4,Daniellia ogea,Fabaceae,54.4,0.65,0.38,0.16,22,0.31,Plot4_11
1083,4,Zanthoxylum zanthoxyloides,Rutaceae,19.4,0.21,0.12,0.03,8.6,0.59,Plot4_11
1084,4,Milicia excelsa,Moraceae,83,0.99,0.54,0.23,28,0.59,Plot4_11
1085,4,Triplochiton scleroxylon,Malvaceae,45.8,0.46,0.2,0.1,16.8,0.34,Plot4_11
1086,4,Sterculia rhinopetala,Malvaceae,145,1.45,0.68,0.16,24.8,0.64,Plot4_11
1087,4,Cola gigantea,Malvaceae,25.1,0.39,0.2,0.09,14,0.54,Plot4_11
1088,4,Celtis zenkeri,Cannabaceae,50.5,0.51,0.23,0.16,24.8,0.65,Plot4_11
1089,4,Desplatsia dewevrei,Malvaceae,10.8,0.18,0,0,,0.62,Plot4_11
1090,4,Desplatsia dewevrei,Malvaceae,10.8,0.18,0,0,,0.62,Plot4_11
1091,4,Brachystegia nigerica,Fabaceae,110,1.25,0.62,0.25,32,0.52,Plot4_11
1092,4,Sterculia rhinopetala,Malvaceae,63.2,0.83,0.36,0.15,23.8,0.64,Plot4_11
1093,4,Strombosia grandifolia,Olacaceae,10.5,0.16,0.06,0.04,4.8,0.9,Plot4_11
1094,4,Chrysophyllum perpulchrum,Sapotaceae,29.9,0.42,0.22,0.1,14.8,0.68,Plot4_11
1095,4,Chrysophyllum perpulchrum,Sapotaceae,17.3,0.25,0.14,0.04,11.5,0.68,Plot4_11
1096,4,Cola millenii,Malvaceae,11.6,0.13,0.08,0.03,6.8,0.77,Plot4_12
1097,4,Celtis zenkeri,Cannabaceae,50.4,0.5,0.21,0.09,18.2,0.65,Plot4_12
1098,4,Milicia excelsa,Moraceae,70,0.84,0.48,0.2,29,0.59,Plot4_12
1099,4,Zanthoxylum zanthoxyloides,Rutaceae,22,0.24,0.12,0.03,8,0.59,Plot4_12
1100,4,Distemonanthus benthamianus,Fabaceae,17,0.24,0.13,0.04,5,0.6,Plot4_12
1101,4,Parkia biglobosa,Fabaceae,68,0.68,0.38,0.17,26,0.53,Plot4_12
1102,4,Cleistopholis patens,Annonaceae,34,0.41,0.22,0.11,13.7,0.37,Plot4_12
1103,4,Cleistopholis patens,Annonaceae,19.8,0.29,0.14,0.07,16.56,0.37,Plot4_12
1104,4,Monodora tenuifolia,Annonaceae,40,0.48,0.27,0.15,19.03,0.49,Plot4_12
1105,4,Monodora tenuifolia,Annonaceae,40.5,0.51,0.27,0.13,18.64,0.49,Plot4_12
1106,4,Funtumia elastica,Apocynaceae,24.5,0.28,0.19,0.09,18.51,0.51,Plot4_12
1107,4,Bridelia ferruginea,Phyllanthaceae,32.5,0.4,0.2,0.11,17.47,0.47,Plot4_12
1108,4,Ricinodendron heudelotii,Euphorbiaceae,15,0.18,0.1,0.05,12.66,0.22,Plot4_12
1109,4,Ricinodendron heudelotii,Euphorbiaceae,54,0.6,0.4,0.19,23.97,0.22,Plot4_12
1110,4,Khaya grandifoliola,Meliaceae,13.5,0.17,0.1,0.05,12.57,0.62,Plot4_12
1111,4,Ficus mucuso,Moraceae,22.2,0.27,0.16,0.08,18.77,0.41,Plot4_12
1112,4,Milicia excelsa,Moraceae,10,0.11,0.06,0.03,6.5,0.59,Plot4_12
1113,4,Milicia excelsa,Moraceae,17.2,0.21,0.14,0.07,16.17,0.59,Plot4_12
1114,5,Myrianthus arboreus,Urticaceae,43,0.59,0.3,0.16,23.19,0.43,Plot5_1
1115,5,Treculia africana,Moraceae,61.8,0.82,0.44,0.21,27.7,0.45,Plot5_1
1116,5,Sterculia tragacantha,Malvaceae,32.7,0.39,0.2,0.11,15.74,0.48,Plot5_1
1117,5,Cola gigantea,Malvaceae,67,0.68,0.43,0.2,15.13,0.54,Plot5_1
1118,5,Mansonia altissima,Malvaceae,38,0.41,0.25,0.13,12.14,0.58,Plot5_1
1119,5,Mansonia altissima,Malvaceae,18.8,0.22,0.13,0.06,9.67,0.58,Plot5_1
1120,5,Triplochiton scleroxylon,Malvaceae,73.4,0.92,0.5,0.21,25.1,0.34,Plot5_1
1121,5,Triplochiton scleroxylon,Malvaceae,24,0.27,0.18,0.09,17.86,0.34,Plot5_1
1122,5,Celtis zenkeri,Cannabaceae,51.8,0.58,0.37,0.2,23.71,0.65,Plot5_1
1123,5,Celtis zenkeri,Cannabaceae,37.7,0.39,0.22,0.12,24.23,0.65,Plot5_1
1124,5,Celtis zenkeri,Cannabaceae,47.7,0.66,0.34,0.16,23.45,0.65,Plot5_1
1125,5,Cordia millenii,Boraginaceae,35.5,0.41,0.23,0.1,11.15,0.52,Plot5_1
1126,5,Bridelia pustulata,Phyllanthaceae,18,0.23,0.14,0.07,17.89,0.48,Plot5_1
1127,5,Drypetes paxii ,Putranjivaceae,18.5,0.24,0.12,0.06,13.96,0.66,Plot5_1
1128,5,Ricinodendron heudelotii,Euphorbiaceae,48.1,0.55,0.34,0.16,18.51,0.22,Plot5_1
1129,5,Ricinodendron heudelotii,Euphorbiaceae,50,0.57,0.36,0.2,19.94,0.22,Plot5_1
1130,5,Khaya grandifoliola,Meliaceae,70.1,0.85,0.47,0.23,21.2,0.62,Plot5_1
1131,5,Cola nitida,Malvaceae,15.5,0.16,0.11,0.07,12.66,0.66,Plot5_1
1132,5,Cola nitida,Malvaceae,56.5,0.85,0.4,0.18,24.06,0.66,Plot5_1
1133,5,Cola gigantea,Malvaceae,58,0.68,0.42,0.19,26.27,0.54,Plot5_1
1134,5,Cola gigantea,Malvaceae,84.2,0.98,0.62,0.27,28.26,0.54,Plot5_2
1135,5,Hildegardia barteri,Malvaceae,98,1.08,0.69,0.3,28.87,0.33,Plot5_2
1136,5,Hildegardia barteri,Malvaceae,27,0.31,0.17,0.09,19.55,0.33,Plot5_2
1137,5,Hildegardia barteri,Malvaceae,27,0.39,0.17,0.09,19.77,0.33,Plot5_2
1138,5,Hildegardia barteri,Malvaceae,14,0.22,0.1,0.05,13.96,0.33,Plot5_2
1139,5,Mansonia altissima,Malvaceae,72,0.85,0.52,0.25,26.57,0.58,Plot5_2
1140,5,Khaya grandifoliola,Meliaceae,35.9,0.44,0.21,0.12,18.64,0.62,Plot5_2
1141,5,Hildegardia barteri,Malvaceae,35,0.39,0.23,0.13,13.78,0.33,Plot5_2
1142,5,Hildegardia barteri,Malvaceae,54.7,0.77,0.4,0.19,23.91,0.33,Plot5_2
1143,5,Hildegardia barteri,Malvaceae,59.2,0.83,0.46,0.21,24.43,0.33,Plot5_2
1144,5,Hildegardia barteri,Malvaceae,75,0.85,0.51,0.24,22.89,0.33,Plot5_2
1145,5,Hildegardia barteri,Malvaceae,82,0.95,0.56,0.24,24.06,0.33,Plot5_2
1146,5,Celtis zenkeri,Cannabaceae,25.4,0.31,0.16,0.1,18.94,0.65,Plot5_2
1147,5,Xylopia aethiopica,Annonaceae,22.4,0.32,0.17,0.1,20.46,0.44,Plot5_2
1148,5,Funtumia elastica,Apocynaceae,82.5,0.97,0.6,0.3,29.04,0.51,Plot5_2
1149,5,Diospyros monbuttensis,Ebenaceae,13,0.14,0.07,0.04,11.36,0.9,Plot5_2
1150,5,Bridelia pustulata,Phyllanthaceae,17.5,0.24,0.12,0.07,13.27,0.48,Plot5_2
1151,5,Bridelia pustulata,Phyllanthaceae,21.6,0.32,0.18,0.1,17.17,0.48,Plot5_2
1152,5,Ricinodendron heudelotii,Euphorbiaceae,17,0.2,0.12,0.07,18.29,0.22,Plot5_2
1153,5,Bosqueia angolensis,Moraceae,15.5,0.19,0.11,0.05,15.43,0.64,Plot5_2
1154,5,Bosqueia angolensis,Moraceae,21,0.25,0.14,0.07,16.56,0.64,Plot5_3
1155,5,Sterculia tragacantha,Malvaceae,23.4,0.24,0.17,0.08,15.39,0.48,Plot5_3
1156,5,Hildegardia barteri,Malvaceae,30,0.37,0.21,0.11,16.13,0.33,Plot5_3
1157,5,Hildegardia barteri,Malvaceae,14,0.15,0.11,0.05,12.87,0.33,Plot5_3
1158,5,Hildegardia barteri,Malvaceae,17.7,0.21,0.12,0.06,15.04,0.33,Plot5_3
1159,5,Mansonia altissima,Malvaceae,26.5,0.29,0.16,0.09,18.73,0.58,Plot5_3
1160,5,Mansonia altissima,Malvaceae,16.5,0.19,0.12,0.06,15.13,0.58,Plot5_3
1161,5,Mansonia altissima,Malvaceae,41,0.47,0.29,0.14,21.76,0.58,Plot5_3
1162,5,Nesogordonia papaverifera,Malvaceae,92,1.14,0.63,0.33,28.83,0.65,Plot5_3
1163,5,Nesogordonia papaverifera,Malvaceae,25.5,0.29,0.16,0.1,15.87,0.65,Plot5_3
1164,5,Desplatsia lutea,Malvaceae,12,0.13,0.09,0.05,13.74,0.62,Plot5_3
1165,5,Bosqueia angolensis,Moraceae,15.5,0.19,0.11,0.05,10.1,0.64,Plot5_3
1166,5,Bosqueia angolensis,Moraceae,21,0.25,0.14,0.07,12.36,0.64,Plot5_3
1167,5,Bridelia ferruginea,Phyllanthaceae,32.5,0.4,0.2,0.11,11.29,0.47,Plot5_3
1168,5,Bridelia micrantha,Phyllanthaceae,17.5,0.24,0.12,0.07,10.12,0.47,Plot5_3
1169,5,Bridelia micrantha,Phyllanthaceae,21.6,0.32,0.18,0.1,9.8,0.47,Plot5_3
1170,5,Bridelia pustulata,Phyllanthaceae,18,0.23,0.14,0.07,7,0.48,Plot5_3
1171,5,Celtis zenkeri,Cannabaceae,51.8,0.58,0.37,0.2,15.43,0.65,Plot5_3
1172,5,Celtis zenkeri,Cannabaceae,37.7,0.39,0.22,0.12,16.56,0.65,Plot5_3
1173,5,Celtis zenkeri,Cannabaceae,47.7,0.66,0.34,0.16,17.47,0.65,Plot5_3
1174,5,Celtis zenkeri,Cannabaceae,25.4,0.31,0.16,0.1,13.27,0.65,Plot5_4
1175,5,Cleistopholis patens,Annonaceae,34,0.41,0.22,0.11,17.17,0.37,Plot5_4
1176,5,Cleistopholis patens,Annonaceae,19.8,0.29,0.14,0.07,17.89,0.37,Plot5_4
1177,5,Cola nitida,Malvaceae,15.5,0.16,0.11,0.07,23.71,0.66,Plot5_4
1178,5,Cola nitida,Malvaceae,56.5,0.85,0.4,0.18,24.23,0.66,Plot5_4
1179,5,Cola gigantea,Malvaceae,67,0.68,0.43,0.2,23.45,0.54,Plot5_4
1180,5,Cola gigantea,Malvaceae,58,0.68,0.42,0.19,18.94,0.54,Plot5_4
1181,5,Cola gigantea,Malvaceae,84.2,0.98,0.62,0.27,13.7,0.54,Plot5_4
1182,5,Cordia millenii,Boraginaceae,35.5,0.41,0.23,0.1,16.56,0.52,Plot5_4
1183,5,Desplatsia lutea,Malvaceae,12,0.13,0.09,0.05,12.66,0.62,Plot5_4
1184,5,Diospyros monbuttensis,Ebenaceae,13,0.14,0.07,0.04,24.06,0.9,Plot5_4
1185,5,Drypetes paxii ,Putranjivaceae,18.5,0.24,0.12,0.06,15.13,0.66,Plot5_4
1186,5,Ficus mucuso,Moraceae,22.2,0.27,0.16,0.08,26.27,0.41,Plot5_4
1187,5,Funtumia elastica,Apocynaceae,24.5,0.28,0.19,0.09,28.26,0.51,Plot5_4
1188,5,Funtumia elastica,Apocynaceae,82.5,0.97,0.6,0.3,11.15,0.51,Plot5_4
1189,5,Hildegardia barteri,Malvaceae,98,1.08,0.69,0.3,13.74,0.33,Plot5_4
1190,5,Hildegardia barteri,Malvaceae,27,0.31,0.17,0.09,11.36,0.33,Plot5_4
1191,5,Hildegardia barteri,Malvaceae,27,0.39,0.17,0.09,13.96,0.33,Plot5_4
1192,5,Hildegardia barteri,Malvaceae,14,0.22,0.1,0.05,18.77,0.33,Plot5_4
1193,5,Hildegardia barteri,Malvaceae,35,0.39,0.23,0.13,18.51,0.33,Plot5_4
1194,5,Hildegardia barteri,Malvaceae,54.7,0.77,0.4,0.19,29.04,0.33,Plot5_4
1195,5,Hildegardia barteri,Malvaceae,59.2,0.83,0.46,0.21,28.87,0.33,Plot5_5
1196,5,Hildegardia barteri,Malvaceae,75,0.85,0.51,0.24,19.55,0.33,Plot5_5
1197,5,Hildegardia barteri,Malvaceae,82,0.95,0.56,0.24,19.77,0.33,Plot5_5
1198,5,Hildegardia barteri,Malvaceae,30,0.37,0.21,0.11,13.96,0.33,Plot5_5
1199,5,Hildegardia barteri,Malvaceae,14,0.15,0.11,0.05,13.78,0.33,Plot5_5
1200,5,Hildegardia barteri,Malvaceae,17.7,0.21,0.12,0.06,23.91,0.33,Plot5_5
1201,5,Khaya grandifoliola,Meliaceae,13.5,0.17,0.1,0.05,24.43,0.62,Plot5_5
1202,5,Khaya grandifoliola,Meliaceae,70.1,0.85,0.47,0.23,22.89,0.62,Plot5_5
1203,5,Khaya grandifoliola,Meliaceae,35.9,0.44,0.21,0.12,24.06,0.62,Plot5_5
1204,5,Mansonia altissima,Malvaceae,38,0.41,0.25,0.13,16.13,0.58,Plot5_5
1205,5,Mansonia altissima,Malvaceae,18.8,0.22,0.13,0.06,12.87,0.58,Plot5_5
1206,5,Mansonia altissima,Malvaceae,26.5,0.29,0.16,0.09,15.04,0.58,Plot5_5
1207,5,Mansonia altissima,Malvaceae,16.5,0.19,0.12,0.06,12.57,0.58,Plot5_5
1208,5,Mansonia altissima,Malvaceae,41,0.47,0.29,0.14,21.2,0.58,Plot5_5
1209,5,Mansonia altissima,Malvaceae,72,0.85,0.52,0.25,18.64,0.58,Plot5_5
1210,5,Milicia excelsa,Moraceae,10,0.11,0.06,0.03,12.14,0.59,Plot5_5
1211,5,Milicia excelsa,Moraceae,17.2,0.21,0.14,0.07,9.67,0.59,Plot5_5
1212,5,Monodora tenuifolia,Annonaceae,40,0.48,0.27,0.15,18.73,0.49,Plot5_5
1213,5,Monodora tenuifolia,Annonaceae,40.5,0.51,0.27,0.13,15.13,0.49,Plot5_5
1214,5,Myrianthus arboreus,Urticaceae,43,0.59,0.3,0.16,21.76,0.43,Plot5_5
1215,5,Nesogordonia papaverifera,Malvaceae,92,1.14,0.63,0.33,26.57,0.65,Plot5_5
1216,5,Nesogordonia papaverifera,Malvaceae,25.5,0.29,0.16,0.1,6.5,0.65,Plot5_5
1217,5,Ricinodendron heudelotii,Euphorbiaceae,15,0.18,0.1,0.05,16.17,0.22,Plot5_5
1218,5,Ricinodendron heudelotii,Euphorbiaceae,54,0.6,0.4,0.19,19.03,0.22,Plot5_5
1219,5,Ricinodendron heudelotii,Euphorbiaceae,48.1,0.55,0.34,0.16,18.64,0.22,Plot5_6
1220,5,Ricinodendron heudelotii,Euphorbiaceae,50,0.57,0.36,0.2,23.19,0.22,Plot5_6
1221,5,Ricinodendron heudelotii,Euphorbiaceae,17,0.2,0.12,0.07,28.83,0.22,Plot5_6
1222,5,Treculia africana,Moraceae,61.8,0.82,0.44,0.21,15.87,0.45,Plot5_6
1223,5,Sterculia tragacantha,Malvaceae,32.7,0.39,0.2,0.11,12.66,0.48,Plot5_6
1224,5,Sterculia tragacantha,Malvaceae,23.4,0.24,0.17,0.08,23.97,0.48,Plot5_6
1225,5,Triplochiton scleroxylon,Malvaceae,73.4,0.92,0.5,0.21,18.51,0.34,Plot5_6
1226,5,Triplochiton scleroxylon,Malvaceae,24,0.27,0.18,0.09,19.94,0.34,Plot5_6
1227,5,Xylopia aethiopica,Annonaceae,22.4,0.32,0.17,0.1,18.29,0.44,Plot5_6
1228,5,Lophira alata,Ochnaceae,19.5,0.22,0.14,0.05,6.5,0.88,Plot5_6
1229,5,Daniellia ogea,Fabaceae,33.8,0.39,0.24,0.02,14.5,0.31,Plot5_6
1230,5,Daniellia oliveri,Fabaceae,36.8,0.42,0.28,0.05,18.5,0.31,Plot5_6
1231,5,Lophira alata,Ochnaceae,26.8,0.27,0.14,0.03,16.5,0.88,Plot5_6
1232,5,Daniellia ogea,Fabaceae,63.8,0.71,0.35,0.05,14,0.31,Plot5_6
1233,5,Spathodea campanulata,Bignoniaceae,65,0.67,0.16,0.02,19.8,0.23,Plot5_6
1234,6,Vitex doniana,Limiaceae,38.5,0.39,0.12,0.02,11.5,0.4,Plot6_1
1235,6,Parkia biglobosa,Fabaceae,43.5,0.49,0.14,0.02,14.2,0.53,Plot6_1
1236,6,Lophira alata,Ochnaceae,44.9,0.39,0.14,0.03,12.8,0.88,Plot6_1
1237,6,Terminalia ivorensis,Combretaceae,25.3,0.22,0.1,0.03,14.2,0.48,Plot6_1
1238,6,Terminalia ivorensis,Combretaceae,34.5,0.35,0.12,0.02,13,0.48,Plot6_1
1239,6,Daniellia ogea,Fabaceae,28.5,0.52,0.14,0.02,14,0.31,Plot6_1
1240,6,Daniellia ogea,Fabaceae,35.5,0.52,0.14,0.02,14,0.31,Plot6_1
1241,6,Antiaris africana,Moraceae,17.8,0.2,0.08,0.01,7,0.37,Plot6_1
1242,6,Lophira alata,Ochnaceae,18.2,0.2,0.08,0.01,7,0.88,Plot6_1
1243,6,Spathodea campanulata,Bignoniaceae,37.8,0.46,0.24,0.04,14,0.23,Plot6_1
1244,6,Terminalia ivorensis,Combretaceae,25.2,0.27,0.11,0.03,11.8,0.48,Plot6_1
1245,6,Ficus mucuso,Moraceae,27.3,0.32,0.14,0.03,9.5,0.41,Plot6_1
1246,6,Daniellia oliveri,Fabaceae,19.8,0.23,0.13,0.03,11.5,0.31,Plot6_1
1247,6,Daniellia ogea,Fabaceae,31.2,0.42,0.15,0.01,14,0.31,Plot6_1
1248,6,Daniellia ogea,Fabaceae,29.2,0.42,0.16,0.03,14.8,0.31,Plot6_1
1249,6,Parkia biglobosa,Fabaceae,38.5,0.45,0.28,0.06,14.8,0.53,Plot6_1
1250,6,Daniellia oliveri,Fabaceae,47,0.35,0.11,0.02,12.5,0.31,Plot6_1
1251,6,Daniellia oliveri,Fabaceae,36.4,0.42,0.18,0.05,15,0.31,Plot6_1
1252,6,Daniellia oliveri,Fabaceae,30.2,0.34,0.17,0.05,11.8,0.31,Plot6_1
1253,6,Daniellia oliveri,Fabaceae,22.1,0.27,0.1,0.02,11.5,0.31,Plot6_1
1254,6,Daniellia ogea,Fabaceae,44.3,0.59,0.25,0.14,10.5,0.31,Plot6_1
1255,6,Daniellia ogea,Fabaceae,35,0.59,0.24,0.1,10.5,0.31,Plot6_1
1256,6,Daniellia oliveri,Fabaceae,19.3,0.23,0.12,0.01,9.5,0.31,Plot6_1
1257,6,Terminalia ivorensis,Combretaceae,26.8,0.3,0.17,0.04,13.5,0.48,Plot6_1
1258,6,Daniellia oliveri,Fabaceae,28.2,0.35,0.18,0.03,13,0.31,Plot6_2
1259,6,Lophira alata,Ochnaceae,28.9,0.35,0.16,0.03,13.5,0.88,Plot6_2
1260,6,Daniellia oliveri,Fabaceae,31,0.38,0.16,0.02,14,0.31,Plot6_2
1261,6,Ficus mucuso,Moraceae,12.8,0.18,0.1,0.01,16.8,0.41,Plot6_2
1262,6,Daniellia oliveri,Fabaceae,25.4,0.29,0.13,0.03,11.5,0.31,Plot6_2
1263,6,Spathodea campanulata,Bignoniaceae,40.4,0.44,0.38,0.05,16,0.23,Plot6_2
1264,6,Vitex doniana,Limiaceae,16.8,0.2,0.1,0.02,11.5,0.4,Plot6_2
1265,6,Vitex doniana,Limiaceae,21.4,0.38,0.12,0.02,9.5,0.4,Plot6_2
1266,6,Vitex doniana,Limiaceae,18.2,0.38,0.13,0.03,10,0.4,Plot6_2
1267,6,Daniellia oliveri,Fabaceae,30,0.35,0.22,0.04,11,0.31,Plot6_2
1268,6,Vitex doniana,Limiaceae,32.2,0.39,0.18,0.04,13.5,0.4,Plot6_2
1269,6,Lophira alata,Ochnaceae,22.1,0.25,0.08,0.02,8.5,0.88,Plot6_2
1270,6,Lophira alata,Ochnaceae,40.9,0.45,0.27,0.08,15.8,0.88,Plot6_2
1271,6,Daniellia oliveri,Fabaceae,32.5,0.38,0.18,0.03,13.5,0.31,Plot6_2
1272,6,Daniellia ogea,Fabaceae,35.5,0.43,0.16,0.04,11.5,0.31,Plot6_2
1273,6,Vitex doniana,Limiaceae,22.4,0.29,0.12,0.02,11,0.4,Plot6_2
1274,6,Brachystegia eurycoma,Fabaceae,17.8,0.2,0.11,0.02,6.8,0.52,Plot6_2
1275,6,Daniellia oliveri,Fabaceae,32.5,0.38,0.26,0.05,13,0.31,Plot6_2
1276,6,Terminalia ivorensis,Combretaceae,27,0.32,0.11,0.03,12.5,0.48,Plot6_2
1277,6,Daniellia oliveri,Fabaceae,34,0.42,0.21,0.4,14.8,0.31,Plot6_2
1278,6,Brachystegia eurycoma ,Fabaceae,31,0.4,0.16,0.02,8.1,0.52,Plot6_2
1279,6,Daniellia oliveri,Fabaceae,22.5,0.28,0.11,0.02,8.6,0.31,Plot6_2
1280,6,Daniellia ogea,Fabaceae,30,0.38,0.14,0.02,8.5,0.31,Plot6_2
1281,6,Daniellia oliveri,Fabaceae,20.6,0.22,0.09,0.01,6.2,0.31,Plot6_3
1282,6,Lophira alata,Ochnaceae,23.2,0.24,0.14,0.02,11,0.88,Plot6_3
1283,6,Daniellia oliveri,Fabaceae,14.2,0.19,0.1,0.02,7,0.31,Plot6_3
1284,6,Brachystegia eurycoma ,Fabaceae,20.8,0.25,0.14,0.03,8,0.52,Plot6_3
1285,6,Brachystegia eurycoma ,Fabaceae,19,0.27,0.1,0.02,6.8,0.52,Plot6_3
1286,6,Lophira alata,Ochnaceae,15.5,0.17,0.09,0.02,6.5,0.88,Plot6_3
1287,6,Entandrophgrama cylindricum,Meliaceae,14.3,0.2,0.1,0.01,7.5,0.58,Plot6_3
1288,6,Daniellia oliveri,Fabaceae,22.3,0.27,0.13,0.03,8,0.31,Plot6_3
1289,6,Brachystegia eurycoma ,Fabaceae,21.3,0.25,0.14,0.02,9.5,0.52,Plot6_3
1290,6,Daniellia oliveri,Fabaceae,24,0.3,0.12,0.02,8.5,0.31,Plot6_3
1291,6,Terminalia ivorensis,Combretaceae,23,0.26,0.11,0.02,11.5,0.48,Plot6_3
1292,6,Brachystegia eurycoma ,Fabaceae,29.8,0.37,0.14,0.03,11,0.52,Plot6_3
1293,6,Daniellia ogea,Fabaceae,16.5,0.24,0.08,0.02,9.5,0.31,Plot6_3
1294,6,Daniellia oliveri,Fabaceae,21.5,0.25,0.12,0.02,14,0.31,Plot6_3
1295,6,Daniellia oliveri,Fabaceae,17,0.2,0.08,0.01,10.5,0.31,Plot6_3
1296,6,Daniellia oliveri,Fabaceae,26.8,0.42,0.25,0.04,12.5,0.31,Plot6_3
1297,6,Spathodea campanulata,Bignoniaceae,40.5,0.4,0.26,0.05,15.8,0.23,Plot6_3
1298,6,Vitex doniana,Limiaceae,23.2,0.25,0.09,0.02,7.5,0.4,Plot6_3
1299,6,Terminalia ivorensis,Combretaceae,22.5,0.28,0.11,0.02,9.5,0.48,Plot6_3
1300,6,Daniellia oliveri,Fabaceae,30.5,0.35,0.2,0.04,12.5,0.31,Plot6_3
1301,6,Lophira alata,Ochnaceae,20.9,0.21,0.13,0.03,7.5,0.88,Plot6_3
1302,6,Brachystegia eurycoma ,Fabaceae,19.6,0.23,0.12,0.02,10.5,0.52,Plot6_3
1303,6,Vitex doniana,Limiaceae,19.6,0.23,0.12,0.03,11.5,0.4,Plot6_3
1304,6,Vitex doniana,Limiaceae,25.8,0.31,0.14,0.03,14,0.4,Plot6_3
1305,6,Vitex doniana,Limiaceae,22,0.24,0.14,0.03,11.5,0.4,Plot6_3
1306,6,Desplatsia dewevrei,Malvaceae,35.8,0.38,0.2,0.04,13.5,0.62,Plot6_3
1307,6,Desplatsia dewevrei,Malvaceae,26,0.32,0.18,0.05,13.8,0.62,Plot6_3
1308,6,Daniellia oliveri,Fabaceae,15.5,0.19,0.11,0.02,7,0.31,Plot6_3
1309,6,Lophira alata,Ochnaceae,18.9,0.19,0.12,0.03,6.8,0.88,Plot6_3
1310,6,Desplatsia dewevrei,Malvaceae,22.8,0.27,0.14,0.02,12.5,0.62,Plot6_3
1311,6,Ficus mucuso,Moraceae,20.6,0.29,0.14,0.03,13,0.41,Plot6_3
1312,6,Desplatsia dewevrei,Malvaceae,22.3,0.23,0.14,0.03,11.5,0.62,Plot6_3
1313,6,Daniellia oliveri,Fabaceae,40.3,0.45,0.28,0.05,15.5,0.31,Plot6_3
1314,6,Phyllanthus discoides,Euphorbiaceae,17.5,0.37,0.14,0.03,13.5,0.75,Plot6_4
1315,6,Phyllanthus discoides,Euphorbiaceae,16.5,0.37,0.11,0.02,13.5,0.75,Plot6_4
1316,6,Phyllanthus discoides,Euphorbiaceae,13.5,0.37,0.11,0.02,13.5,0.75,Plot6_4
1317,6,Lophira alata,Ochnaceae,24.9,0.28,0.13,0.06,6.5,0.88,Plot6_4
1318,6,Lophira alata,Ochnaceae,15.5,0.17,0.09,0.03,8.5,0.88,Plot6_4
1319,6,Daniellia oliveri,Fabaceae,39.9,0.45,0.26,0.07,14.8,0.31,Plot6_4
1320,6,Daniellia oliveri,Fabaceae,40,0.46,0.26,0.06,13.8,0.31,Plot6_4
1321,6,Lophira alata,Ochnaceae,23.2,0.24,0.13,0.03,12.5,0.88,Plot6_4
1322,6,Daniellia oliveri,Fabaceae,20,0.24,0.14,0.03,8,0.31,Plot6_4
1323,6,Desplatsia dewevrei,Malvaceae,14.9,0.17,0.1,0.02,8,0.62,Plot6_4
1324,6,Ficus mucuso,Moraceae,18.2,0.22,0.11,0.02,7.8,0.41,Plot6_4
1325,6,Ficus mucuso,Moraceae,14.8,0.17,0.08,0.02,6.9,0.41,Plot6_4
1326,6,Daniellia oliveri,Fabaceae,20.5,0.23,0.13,0.02,6.8,0.31,Plot6_4
1327,6,Cordia millenii,Boraginaceae,29.5,0.34,0.14,0.03,10.1,0.52,Plot6_4
1328,6,Pouteria alnifolia,Fabaceae,36.9,0.49,0.18,0.04,14.8,0.55,Plot6_4
1329,6,Triplochiton scleroxylon,Malvaceae,16.2,0.21,0.11,0.02,10.1,0.34,Plot6_4
1330,6,Sterculia rhinopetala,Malvaceae,31,0.46,0.12,0.03,10.3,0.64,Plot6_4
1331,6,Bombax buonopozense,Malvaceae,52,0.85,0.24,0.04,9.9,0.32,Plot6_4
1332,6,Canarium schweinfurthi,Burseraceae,40.5,0.58,0.19,0.03,11.6,0.33,Plot6_4
1333,6,Celtis zenkeri,Cannabaceae,45,0.59,0.14,0.02,9.8,0.65,Plot6_4
1334,6,Lecaniodiscus cupanioides,Sapindaceae,30,0.43,0.15,0.03,18.8,0.43,Plot6_4
1335,6,Brachystegia nigerica,Fabaceae,32,0.39,0.11,0.02,8.5,0.52,Plot6_4
1336,6,Cola gigantea,Malvaceae,51.8,0.54,0.25,0.03,14.5,0.54,Plot6_4
1337,6,Ceiba pentandra,Malvaceae,27.2,0.29,0.09,0.05,18.5,0.3,Plot6_4
1338,6,Ceiba pentandra,Malvaceae,24.5,0.27,0.1,0.04,24.8,0.3,Plot6_5
1339,6,Ceiba pentandra,Malvaceae,14,0.18,0.08,0.02,21,0.3,Plot6_5
1340,6,Blighia sapida,Sapindaceae,11,0.14,0.12,0.02,14.5,0.81,Plot6_5
1341,6,Bridelia micrantha,Phyllanthaceae,50,0.53,0.22,0.01,9.5,0.47,Plot6_5
1342,6,Terminalia superba,Combretaceae,64,0.59,0.16,0.04,15.5,0.45,Plot6_5
1343,6,Lecaniodiscus cupanioides,Sapindaceae,35,0.38,0.11,0.01,6,0.43,Plot6_5
1344,6,Cola millenii,Malvaceae,20,0.25,0.08,0.02,24.8,0.77,Plot6_5
1345,6,Bombax buonopozense,Malvaceae,37.2,0.34,0.14,0.02,18.8,0.32,Plot6_5
1346,6,Sterculia tragacantha,Malvaceae,34.5,0.46,0.14,0.03,11.5,0.48,Plot6_5
1347,6,Cola gigantea,Malvaceae,49.3,0.55,0.25,0.36,216.5,0.54,Plot6_5
1348,6,Distemonanthus benthamianus,Fabaceae,41,0.45,0.16,,,0.6,Plot6_5
1349,6,Cola millenii,Malvaceae,17.5,0.16,0.08,,,0.77,Plot6_5
1350,6,Ficus exasperata,Moraceae,39.5,0.42,0.08,0.01,7,0.34,Plot6_5
1351,6,Cola millenii,Malvaceae,28,0.34,0.08,0.03,11,0.77,Plot6_5
1352,6,Brachystegia eurycoma ,Fabaceae,58,1.05,0.48,0.03,11.8,0.52,Plot6_5
1353,6,Cola gigantea,Malvaceae,58,0.58,0.19,0.05,26,0.54,Plot6_5
1354,6,Bombax buonopozense,Malvaceae,35.6,0.4,0.16,0.03,15,0.32,Plot6_5
1355,6,Spathodea campanulata,Bignoniaceae,11,0.13,0.09,0.02,7,0.23,Plot6_5
1356,6,Albizia ferruginea,Fabaceae,10,0.11,0.08,0.02,11,0.47,Plot6_5
1357,6,Myrianthus arboreus,Urticaceae,18,0.22,0.09,0.01,11.5,0.43,Plot6_5
1358,6,Lecaniodiscus cupanioides,Sapindaceae,27.5,0.29,0.13,0.05,26,0.43,Plot6_5
1359,6,Bridelia micrantha,Phyllanthaceae,49.2,0.45,0.14,0.04,22.5,0.47,Plot6_5
1360,6,Ricinodendron heudelotii,Euphorbiaceae,48.5,0.53,0.17,0.02,11.8,0.22,Plot6_5
1361,6,Ricinodendron heudelotii,Euphorbiaceae,44.4,0.49,0.15,0.01,6,0.22,Plot6_5
1362,6,Cola gigantea,Malvaceae,52.3,0.58,0.18,0.01,6,0.54,Plot6_5
1363,6,Cola gigantea,Malvaceae,60.5,1.01,0.19,0.01,7.5,0.54,Plot6_5
1364,6,Bridelia micrantha,Phyllanthaceae,36.5,0.38,0.16,0.03,17.5,0.47,Plot6_5
1365,6,Ricinodendron heudelotii,Euphorbiaceae,55.1,0.75,0.14,0.03,15.5,0.22,Plot6_5
1366,6,Funtumia elastica,Apocynaceae,14.7,0.18,0.1,0.03,16.8,0.51,Plot6_5
1367,6,Lecaniodiscus cupanioides,Sapindaceae,12.3,0.15,0.06,0.5,229.9,0.43,Plot6_5
1368,6,Cola gigantea,Malvaceae,58,0.76,0.18,,,0.54,Plot6_5
1369,6,Cola gigantea,Malvaceae,50.2,0.57,0.2,,,0.54,Plot6_5
1370,6,Cola gigantea,Malvaceae,95.2,0.95,0.22,0.02,7.5,0.54,Plot6_5
1371,6,Cola gigantea,Malvaceae,85.2,0.85,0.24,0.02,8.5,0.54,Plot6_5
1372,6,Cola gigantea,Malvaceae,85.3,0.85,0.2,0.01,10.5,0.54,Plot6_5
1373,6,Cola millenii,Malvaceae,32.4,0.29,0.14,0.01,5,0.77,Plot6_6
1374,6,Antiaris africana,Moraceae,21.2,0.21,0.1,0.02,15.8,0.37,Plot6_6
1375,6,Antiaris africana,Moraceae,21.2,0.21,0.1,0.04,21,0.37,Plot6_6
1376,6,Albizia ferruginea,Fabaceae,10,0.11,0.08,0.04,21.5,0.47,Plot6_6
1377,6,Antiaris africana,Moraceae,21.2,0.21,0.1,0.03,11.8,0.37,Plot6_6
1378,6,Antiaris africana,Moraceae,21.2,0.21,0.1,0.01,12.5,0.37,Plot6_6
1379,6,Blighia sapida,Sapindaceae,11,0.14,0.12,0.01,12.5,0.81,Plot6_6
1380,6,Bombax buonopozense,Malvaceae,52,0.85,0.24,0.26,126.6,0.32,Plot6_6
1381,6,Bombax buonopozense,Malvaceae,37.2,0.34,0.14,,,0.32,Plot6_6
1382,6,Bombax buonopozense,Malvaceae,35.6,0.4,0.16,0.01,6,0.32,Plot6_6
1383,6,Brachystegia eurycoma ,Fabaceae,58,1.05,0.48,0.01,12.5,0.52,Plot6_6
1384,6,Brachystegia eurycoma ,Fabaceae,32,0.39,0.11,0.01,12.5,0.52,Plot6_6
1385,6,Bridelia micrantha,Phyllanthaceae,50,0.53,0.22,0.02,6.8,0.47,Plot6_6
1386,6,Bridelia micrantha,Phyllanthaceae,49.2,0.45,0.14,0.05,18.5,0.47,Plot6_6
1387,6,Bridelia micrantha,Phyllanthaceae,36.5,0.38,0.16,0.03,11,0.47,Plot6_6
1388,6,Canarium schweinfurthi,Burseraceae,40.5,0.58,0.19,0.02,11.8,0.33,Plot6_6
1389,6,Ceiba pentandra,Malvaceae,27.2,0.29,0.09,0.05,26,0.3,Plot6_6
1390,6,Ceiba pentandra,Malvaceae,24.5,0.27,0.1,0.01,9.5,0.3,Plot6_6
1391,6,Ceiba pentandra,Malvaceae,14,0.18,0.08,0.02,24.8,0.3,Plot6_6
1392,6,Celtis zenkeri,Cannabaceae,45,0.59,0.14,0.03,14.8,0.65,Plot6_6
1393,6,Cola gigantea,Malvaceae,51.8,0.54,0.25,0.02,7.5,0.54,Plot6_6
1394,6,Cola gigantea,Malvaceae,49.3,0.55,0.25,0.04,24.8,0.54,Plot6_7
1395,6,Cola gigantea,Malvaceae,58,0.58,0.19,0.01,6,0.54,Plot6_7
1396,6,Cola gigantea,Malvaceae,52.3,0.58,0.18,0.02,8.5,0.54,Plot6_7
1397,6,Cola gigantea,Malvaceae,60.5,1.01,0.19,0.01,8.5,0.54,Plot6_7
1398,6,Cola gigantea,Malvaceae,58,0.76,0.18,0.02,21,0.54,Plot6_7
1399,6,Cola gigantea,Malvaceae,50.2,0.57,0.2,0.04,15.5,0.54,Plot6_7
1400,6,Cola gigantea,Malvaceae,95.2,0.95,0.22,0.05,26,0.54,Plot6_7
1401,6,Cola gigantea,Malvaceae,85.2,0.85,0.24,0.04,22.5,0.54,Plot6_7
1402,6,Cola gigantea,Malvaceae,85.3,0.85,0.2,0.03,15.5,0.54,Plot6_7
1403,6,Cola millenii,Malvaceae,20,0.25,0.08,0.03,16.8,0.77,Plot6_7
1404,6,Cola millenii,Malvaceae,17.5,0.16,0.08,0.02,15.8,0.77,Plot6_7
1405,6,Cola millenii,Malvaceae,28,0.34,0.08,0.04,21,0.77,Plot6_7
1406,6,Cola millenii,Malvaceae,32.4,0.29,0.14,0.04,19.5,0.77,Plot6_7
1407,6,Cola millenii,Malvaceae,29.5,0.34,0.14,0.04,16.8,0.77,Plot6_7
1408,6,Distemonanthus benthamianus,Fabaceae,41,0.45,0.16,0.04,21.5,0.6,Plot6_7
1409,6,Ficus exasperata,Moraceae,39.5,0.42,0.08,0.01,7,0.34,Plot6_7
1410,6,Funtumia elastica,Apocynaceae,14.7,0.18,0.1,0.02,7,0.51,Plot6_7
1411,6,Lecaniodiscus cupanioides,Sapindaceae,30,0.43,0.15,0.01,11.5,0.43,Plot6_7
1412,6,Lecaniodiscus cupanioides,Sapindaceae,35,0.38,0.11,0.03,11.8,0.43,Plot6_7
1413,6,Lecaniodiscus cupanioides,Sapindaceae,27.5,0.29,0.13,0.02,9.8,0.43,Plot6_7
1414,6,Lecaniodiscus cupanioides,Sapindaceae,12.3,0.15,0.06,0.03,15,0.43,Plot6_8
1415,6,Myrianthus arboreus,Urticaceae,18,0.22,0.09,0.02,11,0.43,Plot6_8
1416,6,Pouteria alnifolia,Fabaceae,36.9,0.49,0.18,0.01,10.5,0.55,Plot6_8
1417,6,Ricinodendron heudelotii,Euphorbiaceae,48.5,0.53,0.17,0.02,14.5,0.22,Plot6_8
1418,6,Ricinodendron heudelotii,Euphorbiaceae,44.4,0.49,0.15,0.03,11.5,0.22,Plot6_8
1419,6,Ricinodendron heudelotii,Euphorbiaceae,55.1,0.75,0.14,0.02,14,0.22,Plot6_8
1420,6,Spathodea campanulata,Bignoniaceae,11,0.13,0.09,0.01,5,0.23,Plot6_8
1421,6,Sterculia rhinopetala,Sterculiaceae,31,0.46,0.12,0.01,7.5,0.64,Plot6_8
1422,6,Sterculia tragacantha,Malvaceae,34.5,0.46,0.14,0.03,18.8,0.48,Plot6_8
1423,7,Terminalia superba,Combretaceae,64,0.59,0.16,0.04,18.2,0.45,Plot7_1
1424,7,Triplochiton scleroxylon,Malvaceae,16.2,0.21,0.11,0.03,17.5,0.34,Plot7_1
1425,7,Cola gigantea,Malvaceae,15.2,0.02,0.04,0.03,11.8,0.54,Plot7_1
1426,7,Pterygota macrocarpa,Malvaceae,11.4,0.01,0.05,0.02,18.8,0.52,Plot7_1
1427,7,Albizia zygia,Fabaceae,29.5,0.08,0.1,0.02,8.5,0.46,Plot7_1
1428,7,Alstonia boonei,Apocynaceae,13.8,0.02,0.05,,,0.37,Plot7_1
1429,7,Alstonia boonei,Apocynaceae,13.5,0.02,0.04,,,0.37,Plot7_1
1430,7,Pterygota macrocarpa,Malvaceae,19.2,0.06,0.1,,,0.52,Plot7_1
1431,7,Bridelia micrantha,Phyllanthaceae,11.2,0.02,0.05,0.2,8,0.47,Plot7_1
1432,7,Funtumia elastica,Apocynaceae,9,0.03,0.04,0.15,7,0.51,Plot7_1
1433,7,Myrianthus arboreus,Urticaceae,15.2,0.03,0.05,0.34,12,0.43,Plot7_1
1434,7,Pterygota macrocarpa,Malvaceae,21.5,0.07,0.1,0.17,6,0.52,Plot7_1
1435,7,Diospyros mespiliformis,Ebenaceae,23.5,0.08,0.12,0.17,6,0.9,Plot7_1
1436,7,Buchholzia coriacea ,Capparaceae,9.2,0.03,0.06,0.26,9,0.5,Plot7_1
1437,7,Pterygota macrocarpa,Malvaceae,12.8,0.02,0.06,0.16,5.5,0.52,Plot7_1
1438,7,Pterygota macrocarpa,Malvaceae,9.3,0.02,0.04,0.12,5,0.52,Plot7_1
1439,7,Xylopia aethiopica,Annonaceae,12.3,0.03,0.06,0.15,6,0.44,Plot7_1
1440,7,Diospyros mespiliformis,Ebenaceae,32.7,0.07,0.12,0.28,11,0.9,Plot7_1
1441,7,Picralima nitida,Apocynaceae,34.5,0.08,0.15,0.34,,0.78,Plot7_1
1442,7,Euphorbia tirucalli,Euphorbiaceae,65.3,0.1,0.55,0.17,4.5,0.48,Plot7_1
1443,7,Brachystegia nigerica,Fabaceae,14.5,0.03,0.08,0.19,6.3,0.52,Plot7_1
1444,7,Dialium guineense ,Fabaceae,13.6,0.02,0.05,0.14,5,0.88,Plot7_2
1445,7,Musanga cecropioides,Urticaceae,9.2,0.02,0.05,0.17,6.5,0.39,Plot7_2
1446,7,Bridelia micrantha,Phyllanthaceae,11.2,0.02,0.05,0.53,7.5,0.47,Plot7_2
1447,7,Bridelia micrantha,Phyllanthaceae,38.9,0.1,0.36,0.42,9,0.47,Plot7_2
1448,7,Funtumia elastica,Apocynaceae,9.3,0.03,0.08,0.65,21,0.51,Plot7_2
1449,7,Xylopia aethiopica,Annonaceae,16.5,0.06,0.12,0.2,5.1,0.44,Plot7_2
1450,7,Pterygota macrocarpa,Malvaceae,12.2,0.03,0.08,0.16,5,0.52,Plot7_2
1451,7,Pterygota macrocarpa,Malvaceae,19.9,0.06,0.1,0.09,4.5,0.52,Plot7_2
1452,7,Dialium guineense ,Fabaceae,11.5,0.02,0.06,0.13,4,0.88,Plot7_2
1453,7,Albizia zygia,Fabaceae,12.2,0.05,0.08,0.46,14.6,0.46,Plot7_2
1454,7,Diospyros mespiliformis,Ebenaceae,21.1,0.06,0.12,0.12,4.5,0.9,Plot7_2
1455,7,Sterculia oblonga,Malvaceae,51.8,0.22,0.45,0.21,13.2,0.61,Plot7_2
1456,7,Antiaris africana,Moraceae,39,0.14,0.23,0.17,6,0.37,Plot7_2
1457,7,Myrianthus arboreus,Urticaceae,19,0.04,0.1,0.26,10.2,0.43,Plot7_2
1458,7,Dialium guineense ,Fabaceae,13.2,0.05,0.08,0.16,4.5,0.88,Plot7_2
1459,7,Entandrophgrama utile,Meliaceae,22.9,0.1,0.17,0.17,6,0.58,Plot7_2
1460,7,Albizia zygia,Fabaceae,14.5,0.05,0.1,0.26,6.3,0.46,Plot7_2
1461,7,Xylopia aethiopica,Annonaceae,48,0.13,0.34,0.52,25,0.44,Plot7_2
1462,7,Baphia nitida,Leguminosae,28.9,0.06,0.12,0.16,6.1,0.93,Plot7_2
1463,7,Baphia nitida,Leguminosae,19.2,0.04,0.12,0.26,13.4,0.93,Plot7_2
1464,7,Celtis zenkeri,Cannabaceae,25,0.07,0.12,0.17,11.2,0.65,Plot7_3
1465,7,Baphia nitida,Leguminosae,12.2,0.23,0.04,0.58,42.1,0.93,Plot7_3
1466,7,Xylopia aethiopica,Annonaceae,16.5,0.03,0.1,0,,0.44,Plot7_3
1467,7,Mansonia altissima,Malvaceae,25.1,0.08,0.12,0,,0.58,Plot7_3
1468,7,Diospyros mespiliformis,Ebenaceae,21.7,0.06,0.11,0.36,11.2,0.9,Plot7_3
1469,7,Buchholzia coriacea ,Capparaceae,16.3,0.03,0.1,0.25,7.2,0.5,Plot7_3
1470,7,Buchholzia coriacea ,Capparaceae,16.9,0.04,0.08,0.31,14.2,0.5,Plot7_3
1471,7,Baphia nitida,Leguminosae,19.2,0.05,0.12,0.13,8.6,0.93,Plot7_3
1472,7,Dialium guineense ,Fabaceae,29.9,0.08,0.21,0.28,9.4,0.88,Plot7_3
1473,7,Buchholzia coriacea ,Capparaceae,16,0.04,0.07,0.29,15.2,0.5,Plot7_3
1474,7,Afzelia africana,Fabaceae,60.5,0.24,0.3,0.28,13.2,0.67,Plot7_3
1475,7,Buchholzia coriacea ,Capparaceae,18.9,0.06,0.13,0.21,5.3,0.5,Plot7_3
1476,7,Diospyros mespiliformis,Ebenaceae,30.6,0.06,0.11,0.2,9.2,0.9,Plot7_3
1477,7,Diospyros mespiliformis,Ebenaceae,24.5,0.08,0.18,0.28,7.2,0.9,Plot7_3
1478,7,Baphia nitida,Leguminosae,21.2,,,0.3,9.3,0.93,Plot7_3
1479,7,Euphorbia tirucalli,Euphorbiaceae,102,0.35,0.55,0.2,5.5,0.48,Plot7_3
1480,7,Xylopia aethiopica,Annonaceae,19.5,0.04,0.1,0.46,11.2,0.44,Plot7_3
1481,7,Entandrophragma angolense,Meliaceae,47.6,0.11,0.25,0.24,9.2,0.58,Plot7_3
1482,7,Cleistopholis patens,Annonaceae,81.2,0.21,0.51,0.35,10,0.37,Plot7_3
1483,7,Ricinodendron heudelotii,Euphorbiaceae,20.3,0.08,0.15,0.33,13.4,0.22,Plot7_3
1484,7,Bridelia micrantha,Phyllanthaceae,12.2,0.04,0.07,0.28,,0.47,Plot7_3
1485,7,Diospyros mespiliformis,Ebenaceae,42.9,0.12,0.34,1.02,28,0.9,Plot7_3
1486,7,Baphia nitida,Leguminosae,24.1,0.04,0.08,0.26,10.1,0.93,Plot7_3
1487,7,Funtumia elastica,Apocynaceae,11.7,0.04,0.07,0.55,7.1,0.51,Plot7_4
1488,7,Albizia ferruginea,Fabaceae,14.8,0.08,0.12,0.98,36.8,0.47,Plot7_4
1489,7,Celtis zenkeri,Cannabaceae,11,0.04,0.09,0.29,8.2,0.65,Plot7_4
1490,7,Diospyros mespiliformis,Ebenaceae,10.6,0.03,0.06,0.17,8.2,0.9,Plot7_4
1491,7,Ricinodendron heudelotii,Euphorbiaceae,103,0.45,0.84,0.16,8.1,0.22,Plot7_4
1492,7,Distemonanthus benthamianus,Fabaceae,42.5,0.15,0.28,0.2,8.2,0.6,Plot7_4
1493,7,Strombosia pustulata,Olacaceae,11,0.06,0.1,0.14,9,0.83,Plot7_4
1494,7,Buchholzia coriacea ,Capparaceae,13.9,0.03,0.06,0.16,6.1,0.5,Plot7_4
1495,7,Diospyros mespiliformis,Ebenaceae,20.1,0.09,0.13,,,0.9,Plot7_4
1496,7,Albizia ferruginea,Fabaceae,13.8,0.06,0.1,,,0.47,Plot7_4
1497,7,Cleistopholis patens,Annonaceae,13.9,0.04,0.08,1.03,25,0.37,Plot7_4
1498,7,Pterygota macrocarpa,Malvaceae,20,0.07,0.16,0.48,23,0.52,Plot7_4
1499,7,Myrianthus arboreus,Urticaceae,21.4,0.07,0.18,0.14,8,0.43,Plot7_4
1500,7,Baphia nitida,Leguminosae,17.5,0.06,0.12,0.17,8.5,0.93,Plot7_4
1501,7,Celtis zenkeri,Cannabaceae,13.5,0.05,0.1,0.27,7.2,0.65,Plot7_4
1502,7,Pterygota macrocarpa,Malvaceae,74.5,0.24,0.42,0.18,7.2,0.52,Plot7_4
1503,7,Ricinodendron heudelotii,Euphorbiaceae,23,0.08,0.17,0.18,10.1,0.22,Plot7_4
1504,7,Picralima nitida,Apocynaceae,20.5,0.03,0.14,0.26,9.2,0.78,Plot7_4
1505,7,Diospyros mespiliformis,Ebenaceae,21.5,0.06,0.12,0.24,9,0.9,Plot7_4
1506,7,Cola gigantea,Malvaceae,82,0.42,0.65,0.22,8,0.54,Plot7_4
1507,7,Pycnanthus angolensis,Myristicaceae,73.8,0.23,0.45,0.17,7.5,0.44,Plot7_4
1508,7,Buchholzia coriacea ,Capparaceae,18.7,0,0,0.75,28,0.5,Plot7_4
1509,7,Entandrophragma angolense,Meliaceae,16.7,0.08,0.12,0.32,12.5,0.58,Plot7_4
1510,7,Cordia millenii,Boraginaceae,24.3,0.1,0.15,0.23,10,0.52,Plot7_4
1511,7,Ricinodendron heudelotii,Euphorbiaceae,38.2,0.08,0.35,0.3,12.1,0.22,Plot7_4
1512,7,Brachystegia nigerica,Fabaceae,11.4,0.02,0.05,0.82,24,0.52,Plot7_4
1513,7,Ficus exasperata,Moraceae,10.2,0.02,0.04,0.85,34,0.34,Plot7_5
1514,7,Ricinodendron heudelotii,Euphorbiaceae,34.6,0.08,0.15,0.23,,0.22,Plot7_5
1515,7,Baphia nitida,Leguminosae,43.3,0.12,0.22,0.23,7.2,0.93,Plot7_5
1516,7,Ricinodendron heudelotii,Euphorbiaceae,19.8,0.08,0.1,0.29,9,0.22,Plot7_5
1517,7,Hevea brasiliensis,Euphorbiaceae,21.6,0.08,0.12,0.47,16,0.49,Plot7_5
1518,7,Ricinodendron heudelotii,Euphorbiaceae,41,0.12,0.16,0.14,6,0.22,Plot7_5
1519,7,Celtis zenkeri,Cannabaceae,18.2,0.06,0.1,0.14,5.5,0.65,Plot7_5
1520,7,Diospyros mespiliformis,Ebenaceae,15.8,0.05,0.08,0.45,14,0.9,Plot7_5
1521,7,Strombosia pustulata,Olacaceae,14.5,0,0,0.53,14,0.83,Plot7_5
1522,7,Pterygota macrocarpa,Malvaceae,46.1,0.18,0.22,0.28,14,0.52,Plot7_5
1523,7,Buchholzia coriacea ,Capparaceae,12.5,0.08,0.1,0.25,14.2,0.5,Plot7_5
1524,7,Diospyros mespiliformis,Ebenaceae,15.1,0.06,0.1,0.53,18,0.9,Plot7_5
1525,7,Diospyros mespiliformis,Ebenaceae,13.3,0.06,0.08,0.22,9.5,0.9,Plot7_5
1526,7,Buchholzia coriacea ,Capparaceae,28.8,0.08,0.15,0.17,8.2,0.5,Plot7_5
1527,7,Strombosia pustulata,Olacaceae,38.2,0.12,0.18,0.16,,0.83,Plot7_5
1528,7,Pycnanthus angolensis,Myristicaceae,15,0.02,0.1,0.53,23.1,0.44,Plot7_5
1529,7,Picralima nitida,Apocynaceae,22.2,0.09,0.17,0.17,8.1,0.78,Plot7_5
1530,7,Pterygota macrocarpa,Malvaceae,47,0.25,0.35,0.2,9.8,0.52,Plot7_5
1531,7,Strombosia pustulata,Olacaceae,18,0.09,0.16,0.17,8.5,0.83,Plot7_5
1532,7,Musanga cecropioides,Urticaceae,33.2,0.24,0.31,0.32,7.4,0.39,Plot7_5
1533,7,Bosqueia angolensis,Moraceae,26.2,0.16,0.21,0.41,16,0.64,Plot7_5
1534,7,Diospyros mespiliformis,Ebenaceae,14.8,0.18,0.47,0.26,,0.9,Plot7_5
1535,7,Picralima nitida,Apocynaceae,18.2,0.23,0.23,0.15,,0.78,Plot7_5
1536,7,Nauclea diderrichii,Rubiaceae,26.6,0.3,0.33,0.18,,0.69,Plot7_5
1537,7,Nauclea diderrichii,Rubiaceae,14.7,0.18,0.53,0.19,,0.69,Plot7_5
1538,8,Diospyros mespiliformis,Ebenaceae,20,0.26,,,,0.9,Plot8_1
1539,8,Celtis zenkeri,Cannabaceae,15.5,0.19,,,,0.65,Plot8_1
1540,8,Diospyros mespiliformis,Ebenaceae,22.3,0.26,0.1,0.07,8,0.9,Plot8_1
1541,8,Nauclea diderrichii,Rubiaceae,21,0.24,0.12,0.05,8,0.69,Plot8_1
1542,8,Strombosia pustulata,Olacaceae,37.6,0.39,0.13,0.08,11.5,0.83,Plot8_1
1543,8,Celtis zenkeri,Cannabaceae,13.2,0.14,0.07,0.02,7.5,0.65,Plot8_1
1544,8,Nauclea diderrichii,Rubiaceae,15.5,0.19,0.1,0.05,6.5,0.69,Plot8_1
1545,8,Diospyros mespiliformis,Ebenaceae,13.2,0.15,0.05,0.02,8,0.9,Plot8_1
1546,8,Strombosia pustulata,Olacaceae,12.1,0.13,0.15,0.1,11,0.83,Plot8_1
1547,8,Diospyros mespiliformis,Ebenaceae,14.7,0.2,0.08,0.03,8,0.9,Plot8_1
1548,8,Nauclea diderrichii,Rubiaceae,10,0.11,0.22,0.12,14,0.69,Plot8_1
1549,8,Nauclea diderrichii,Rubiaceae,40.5,0.53,0.04,0.01,6,0.69,Plot8_1
1550,8,Diospyros mespiliformis,Ebenaceae,13.5,0.16,0.08,0.04,6.5,0.9,Plot8_1
1551,8,Diospyros mespiliformis,Ebenaceae,12.2,0.15,0.05,0.02,6.3,0.9,Plot8_1
1552,8,Sterculia oblonga,Malvaceae,12.5,0.28,0.06,0.04,8,0.61,Plot8_1
1553,8,Strombosia pustulata,Olacaceae,23.45,0.27,0.05,0.02,4.5,0.83,Plot8_1
1554,8,Funtumia elastica,Apocynaceae,10.8,0.13,0.04,0.01,5,0.51,Plot8_1
1555,8,Nauclea diderrichii,Rubiaceae,9.5,0.13,0.35,0.11,18.5,0.69,Plot8_1
1556,8,Sterculia oblonga,Malvaceae,26.5,0.34,0.06,0.02,8,0.61,Plot8_1
1557,8,Diospyros mespiliformis,Ebenaceae,8.4,0.08,0.08,0.03,8.5,0.9,Plot8_1
1558,8,Diospyros mespiliformis,Ebenaceae,9.3,0.1,0.21,0.06,11.5,0.9,Plot8_1
1559,8,Diospyros mespiliformis,Ebenaceae,8.2,0.09,0.12,0.07,15.4,0.9,Plot8_1
1560,8,Entandrophgrama cylindricum,Meliaceae,10.1,0.11,0.04,0.02,7.5,0.58,Plot8_1
1561,8,Diospyros mespiliformis,Ebenaceae,19.2,0.17,0.05,0.02,5.5,0.9,Plot8_1
1562,8,Diospyros mespiliformis,Ebenaceae,11.9,0.14,0.24,0.11,14.3,0.9,Plot8_1
1563,8,Celtis zenkeri,Cannabaceae,19.2,0.24,0.04,0.02,6.5,0.65,Plot8_1
1564,8,Strombosia pustulata,Olacaceae,22.1,0.25,,,,0.83,Plot8_1
1565,8,Terminalia superba,Combretaceae,24.9,0.31,0.04,0.02,5.6,0.45,Plot8_1
1566,8,Celtis zenkeri,Cannabaceae,23.8,0.38,,,,0.65,Plot8_1
1567,8,Cleistopholis patens,Annonaceae,48.5,0.56,0.08,0.02,12.1,0.37,Plot8_1
1568,8,Celtis zenkeri,Cannabaceae,50.3,0.64,0.04,0.02,10.2,0.65,Plot8_1
1569,8,Strombosia pustulata,Olacaceae,17,0.17,0.08,0.04,14.5,0.83,Plot8_1
1570,8,Picralima nitida,Apocynaceae,32.5,0.41,0.08,0.05,14.1,0.78,Plot8_2
1571,8,Strombosia pustulata,Olacaceae,27.8,0.34,0.07,0.03,11.2,0.83,Plot8_2
1572,8,Diospyros mespiliformis,Ebenaceae,14.2,0.18,0.1,0.05,16.3,0.9,Plot8_2
1573,8,Diospyros mespiliformis,Ebenaceae,11,0.13,0.24,0.13,22.6,0.9,Plot8_2
1574,8,Pycnanthus angolensis,Myristicaceae,33.7,0.45,0.35,0.26,24.1,0.44,Plot8_2
1575,8,Nauclea diderrichii,Rubiaceae,21.9,0.31,0.08,0.02,8.3,0.69,Plot8_2
1576,8,Diospyros mespiliformis,Ebenaceae,16.2,0.2,0.11,0.06,9.2,0.9,Plot8_2
1577,8,Strombosia pustulata,Olacaceae,15.2,0.19,0.14,0.09,13.5,0.83,Plot8_2
1578,8,Diospyros mespiliformis,Ebenaceae,13,0.17,0.07,0.02,6.2,0.9,Plot8_2
1579,8,Nauclea diderrichii,Rubiaceae,17.4,0.25,0.04,0.02,7.1,0.69,Plot8_2
1580,8,Diospyros mespiliformis,Ebenaceae,27,0.33,0.26,0.07,13.4,0.9,Plot8_2
1581,8,Diospyros mespiliformis,Ebenaceae,16.9,0.29,0.12,0.08,7.5,0.9,Plot8_2
1582,8,Diospyros mespiliformis,Ebenaceae,15.6,0.15,0.08,0.04,13.6,0.9,Plot8_2
1583,8,Sterculia rhinopetala,Malvaceae,20.6,0.28,0.12,0.05,7.1,0.64,Plot8_2
1584,8,Ceiba pentandra,Malvaceae,74.2,0.74,0.07,0.02,5.6,0.3,Plot8_2
1585,8,Antiaris africana ,Moraceae,40.9,0.46,0.1,0.02,11.1,0.37,Plot8_2
1586,8,Strombosia pustulata,Olacaceae,12,0.17,0.2,0.08,15.4,0.83,Plot8_2
1587,8,Ficus mucuso,Moraceae,85,0.91,0.07,0.04,7.2,0.41,Plot8_2
1588,8,Nauclea diderrichii,Rubiaceae,19.7,0.3,0.22,0.09,10.2,0.69,Plot8_2
1589,8,Cordia millenii,Boraginaceae,61,0.69,0.54,0.38,19.4,0.52,Plot8_2
1590,8,Drypetes paxii ,Putranjivaceae,22.8,0.28,0.22,0.15,14.3,0.66,Plot8_2
1591,8,Pycnanthus angolensis,Myristicaceae,19.2,0.24,0.18,0.08,9.4,0.44,Plot8_2
1592,8,Pycnanthus angolensis,Myristicaceae,12.1,0.15,0.6,0.34,15.4,0.44,Plot8_2
1593,8,Diospyros mespiliformis,Ebenaceae,12,0.15,,,,0.9,Plot8_2
1594,8,Picralima nitida,Apocynaceae,46,0.53,0.12,0.07,10.2,0.78,Plot8_2
1595,8,Strombosia pustulata,Olacaceae,11.3,0.15,0.35,0.13,16.4,0.83,Plot8_2
1596,8,Alstonia boonei,Apocynaceae,84.6,0.85,0.1,0.05,8.2,0.37,Plot8_2
1597,8,Strombosia pustulata,Olacaceae,20.1,0.23,0.09,0.04,7.1,0.83,Plot8_2
1598,8,Pycnanthus angolensis,Myristicaceae,26.5,0.29,0.1,0.04,6.5,0.44,Plot8_2
1599,8,Picralima nitida,Apocynaceae,17.5,0.21,0.09,0.02,5.5,0.78,Plot8_2
1600,8,Diospyros mespiliformis,Ebenaceae,18,0.24,0.26,0.13,7.5,0.9,Plot8_2
1601,8,Nauclea diderrichii,Rubiaceae,15.5,0.26,0.09,0.04,8.4,0.69,Plot8_2
1602,8,Diospyros mespiliformis,Ebenaceae,10,0.13,0.16,0.43,17.4,0.9,Plot8_3
1603,8,Picralima nitida,Apocynaceae,13.2,0.15,0.1,0.04,7.5,0.78,Plot8_3
1604,8,Nauclea diderrichii,Rubiaceae,21.7,0.36,0.1,0.04,7.5,0.69,Plot8_3
1605,8,Diospyros mespiliformis,Ebenaceae,11.7,0.15,0.12,0.04,8.5,0.9,Plot8_3
1606,8,Strombosia pustulata,Olacaceae,28.1,0.33,0.09,0.04,8.1,0.83,Plot8_3
1607,8,Diospyros mespiliformis,Ebenaceae,25.7,0.31,0.09,0.03,7.8,0.9,Plot8_3
1608,8,Nauclea diderrichii,Rubiaceae,15.8,0.2,0.04,0.02,6.5,0.69,Plot8_3
1609,8,Strombosia pustulata,Olacaceae,25,0.34,0.06,0.02,5.5,0.83,Plot8_3
1610,8,Diospyros mespiliformis,Ebenaceae,19.4,0.29,0.08,0.03,10.1,0.9,Plot8_3
1611,8,Nauclea diderrichii,Rubiaceae,13,0.24,0.06,0.03,8.4,0.69,Plot8_3
1612,8,Nauclea diderrichii,Rubiaceae,17.4,0.25,0.22,0.11,11.4,0.69,Plot8_3
1613,8,Diospyros mespiliformis,Ebenaceae,10.9,0.16,0.14,0.06,10.4,0.9,Plot8_3
1614,8,Strombosia pustulata,Olacaceae,32.3,0.38,0.08,0.04,13.5,0.83,Plot8_3
1615,8,Nauclea diderrichii,Rubiaceae,14.1,0.16,0.14,0.1,11.4,0.69,Plot8_3
1616,8,Diospyros mespiliformis,Ebenaceae,37.1,0.53,0.08,0.04,7.2,0.9,Plot8_3
1617,8,Diospyros mespiliformis,Ebenaceae,12.8,0.19,0.08,0.04,5.5,0.9,Plot8_3
1618,8,Diospyros crassiflora ,Ebenaceae,16.2,0.26,0.11,0.04,6.1,0.9,Plot8_3
1619,8,Strombosia pustulata,Olacaceae,39.5,0.57,0.07,0.04,5.1,0.83,Plot8_3
1620,8,Picralima nitida,Apocynaceae,22.4,0.32,0.28,0.22,19.2,0.78,Plot8_3
1621,8,Nauclea diderrichii,Rubiaceae,14.5,0.19,0.08,0.03,5.1,0.69,Plot8_3
1622,8,Lophira alata,Ochnaceae,48,0.62,0.28,0.22,15.6,0.88,Plot8_3
1623,8,Ricinodendron heudelotii,Euphorbiaceae,19.6,0.33,0.1,0.04,7.6,0.22,Plot8_3
1624,8,Diospyros mespiliformis,Ebenaceae,37.3,0.47,0.1,0.03,8.1,0.9,Plot8_3
1625,8,Drypetes paxii ,Putranjivaceae,20.8,0.3,0.34,0.21,15.4,0.66,Plot8_3
1626,8,Diospyros mespiliformis,Ebenaceae,12.2,0.2,0.15,0.08,7.5,0.9,Plot8_3
1627,8,Strombosia pustulata,Olacaceae,35.2,0.49,0.1,0.06,8.7,0.83,Plot8_4
1628,8,Terminalia superba,Combretaceae,49.7,0.49,0.33,0.2,14.8,0.45,Plot8_4
1629,8,Diospyros mespiliformis,Ebenaceae,18.9,0.2,0.1,0.06,9.1,0.9,Plot8_4
1630,8,Nauclea diderrichii,Rubiaceae,35.4,0.44,0.25,0.17,313.4,0.69,Plot8_4
1631,8,Pycnanthus angolensis,Myristicaceae,51.8,0.62,0.1,0.05,8.7,0.44,Plot8_4
1632,8,Diospyros mespiliformis,Ebenaceae,16.7,0.26,0.35,0.2,18.4,0.9,Plot8_4
1633,8,Diospyros mespiliformis,Ebenaceae,22.2,0.29,0.35,0.2,18.4,0.9,Plot8_4
1634,8,Diospyros mespiliformis,Ebenaceae,11.9,0.15,0.13,0.05,11.4,0.9,Plot8_4
1635,8,Diospyros mespiliformis,Ebenaceae,20,0.29,0.2,0.09,11.1,0.9,Plot8_4
1636,8,Diospyros mespiliformis,Ebenaceae,25.5,0.32,0.26,0.14,12.6,0.9,Plot8_4
1637,8,Diospyros mespiliformis,Ebenaceae,12.6,0.16,,,,0.9,Plot8_4
1638,8,Diospyros mespiliformis,Ebenaceae,16,0.2,0.08,0.05,10.2,0.9,Plot8_4
1639,8,Musanga cecropioides,Urticaceae,35.6,0.36,0.1,0.08,9.7,0.39,Plot8_4
1640,8,Cola gigantea,Malvaceae,14,0.17,0.08,0.03,7.5,0.54,Plot8_4
1641,8,Nauclea diderrichii,Rubiaceae,10,0.11,0.1,0.06,9.2,0.69,Plot8_4
1642,8,Strombosia pustulata,Olacaceae,18,0.23,,,,0.83,Plot8_4
1643,8,Strombosia pustulata,Olacaceae,20.7,0.25,0.1,0.06,14.2,0.83,Plot8_4
1644,8,Strombosia pustulata,Olacaceae,29.8,0.36,0.08,0.05,6.5,0.83,Plot8_4
1645,8,Strombosia pustulata,Olacaceae,24.4,0.27,0.23,0.03,9.6,0.83,Plot8_4
1646,8,Strombosia pustulata,Olacaceae,12,0.14,0.05,0.03,5.1,0.83,Plot8_4
1647,8,Strombosia pustulata,Olacaceae,17,0.19,0.06,0.04,5.5,0.83,Plot8_5
1648,8,Diospyros mespiliformis,Ebenaceae,13.1,0.19,0.09,0.05,10.7,0.9,Plot8_5
1649,8,Diospyros mespiliformis,Ebenaceae,13.8,0.17,0.1,0.06,10.9,0.9,Plot8_5
1650,8,Strombosia pustulata,Olacaceae,25.4,0.3,0.14,0.1,18.6,0.83,Plot8_5
1651,8,Cleistopholis patens,Annonaceae,33.1,0.41,0.1,0.03,13.8,0.37,Plot8_5
1652,8,Diospyros mespiliformis,Ebenaceae,10.9,0.16,0.08,0.04,10.2,0.9,Plot8_5
1653,8,Boscia angustifolia,Capparaceae,28.2,0.37,0.12,0.07,10.8,0.59,Plot8_5
1654,8,Drypetes paxii ,Putranjivaceae,11.6,0.16,0.08,0.05,5.5,0.66,Plot8_5
1655,8,Nauclea diderrichii,Rubiaceae,18.6,0.26,0.09,0.06,6.5,0.69,Plot8_5
1656,8,Sterculia oblonga,Malvaceae,19.9,0.24,0.18,0.1,15.5,0.61,Plot8_5
1657,8,Strombosia pustulata,Olacaceae,27.7,0.33,0.29,0.17,20.4,0.83,Plot8_5
1658,8,Strombosia pustulata,Olacaceae,46.1,0.55,0.08,0.04,7.1,0.83,Plot8_5
1659,8,Strombosia pustulata,Olacaceae,33.5,0.38,0.26,0.1,12.1,0.83,Plot8_5
1660,8,Ricinodendron heudelotii,Euphorbiaceae,58.9,0.65,0.08,0.06,6.1,0.22,Plot8_5
1661,8,Diospyros mespiliformis,Ebenaceae,12.8,0.16,0.11,0.06,10.2,0.9,Plot8_5
1662,8,Strombosia pustulata,Olacaceae,25.8,0.33,0.16,0.1,14.2,0.83,Plot8_5
1663,8,Strombosia pustulata,Olacaceae,16.8,0.23,0.17,0.1,19.4,0.83,Plot8_5
1664,8,Nauclea diderrichii,Rubiaceae,24.8,0.32,0.35,0.15,17.8,0.69,Plot8_5
1665,8,Strombosia pustulata,Olacaceae,27.9,0.33,0.23,0.08,15.4,0.83,Plot8_5
1666,8,Cola gigantea,Malvaceae,11.2,0.13,0.4,0.11,21.4,0.54,Plot8_5
1667,8,Cordia millenii,Boraginaceae,48.8,0.58,0.07,0.04,6.5,0.52,Plot8_5
1668,8,Strombosia pustulata,Olacaceae,19,0.21,0.26,0.15,11.4,0.83,Plot8_5
1669,8,Diospyros mespiliformis,Ebenaceae,25.7,0.34,0.1,0.06,6.8,0.9,Plot8_6
1670,8,Diospyros mespiliformis,Ebenaceae,22.4,0.29,0.25,0.12,9.8,0.9,Plot8_6
1671,8,Diospyros mespiliformis,Ebenaceae,15.5,0.2,0.25,0.1,14.5,0.9,Plot8_6
1672,8,Diospyros mespiliformis,Ebenaceae,19.3,0.25,0.08,0.02,6.8,0.9,Plot8_6
1673,8,Diospyros mespiliformis,Ebenaceae,21,0.28,0.46,0.1,14.5,0.9,Plot8_6
1674,8,Celtis zenkeri,Cannabaceae,12.3,0.14,0.97,0.07,5,0.65,Plot8_6
1675,8,Nauclea diderrichii,Rubiaceae,24.8,0.28,0,0,,0.69,Plot8_6
1676,8,Diospyros mespiliformis,Ebenaceae,22.6,0.27,0.13,0.08,18.4,0.9,Plot8_6
1677,8,Celtis zenkeri,Cannabaceae,25.8,0.37,0.15,0.08,11.8,0.65,Plot8_6
1678,8,Pycnanthus angolensis,Myristicaceae,61,0.7,0.4,0.12,19.6,0.44,Plot8_6
1679,8,Sterculia oblonga,Malvaceae,61,0.61,0.44,0.21,27.8,0.61,Plot8_6
1680,8,Strombosia pustulata,Olacaceae,13.9,0.19,0.1,0.02,8.4,0.83,Plot8_6
1681,8,Strombosia pustulata,Olacaceae,19.3,0.24,0.1,0.06,11.2,0.83,Plot8_6
1682,8,Buchholzia coriacea ,Capparaceae,22.3,0.26,0.15,0.06,10.6,0.5,Plot8_6
1683,8,Buchholzia coriacea ,Capparaceae,25.5,0.26,0.1,0.05,16.2,0.5,Plot8_6
1684,8,Buchholzia coriacea ,Capparaceae,11.3,0.13,0.06,0.03,7.5,0.5,Plot8_6
1685,8,Diospyros mespiliformis,Ebenaceae,15.4,0.19,0.08,0.04,10.1,0.9,Plot8_6
1686,8,Nauclea diderrichii,Rubiaceae,33.6,0.39,0.12,0.1,19.1,0.69,Plot8_6
1687,8,Pausinystalia brachythyrsa,Rubiaceae,47.5,0.65,0.39,0.12,18.5,0.6,Plot8_6
1688,8,Nauclea diderrichii,Rubiaceae,16.6,0.21,0.04,0.03,9.8,0.69,Plot8_6
1689,8,Musanga cecropioides,Urticaceae,30.9,0.31,0.21,0.07,9.3,0.39,Plot8_6
1690,8,Sterculia rhinopetala,Malvaceae,15.2,0.22,0.09,0.07,11.4,0.64,Plot8_6
1691,8,Nauclea diderrichii,Rubiaceae,11.2,0.15,0.07,0.02,9.2,0.69,Plot8_6
1692,8,Celtis zenkeri,Cannabaceae,16.7,0.22,0.09,0.04,11.8,0.65,Plot8_6
1693,8,Entandrophragma angolense,Meliaceae,21.1,0.3,0.1,0.04,16.8,0.58,Plot8_7
1694,8,Entandrophragma angolense,Meliaceae,41.4,0.51,0.22,0.14,19.4,0.58,Plot8_7
1695,8,Sterculia rhinopetala,Malvaceae,49,0.49,0.36,0.18,24.6,0.64,Plot8_7
1696,8,Strombosia pustulata,Olacaceae,22.6,0.27,0.12,0.05,22.8,0.83,Plot8_7
1697,8,Diospyros mespiliformis,Ebenaceae,12.1,0.16,0.04,0.02,7.2,0.9,Plot8_7
1698,8,Terminalia superba,Combretaceae,105.8,1.06,0.64,0.43,34,0.45,Plot8_7
1699,8,Cola gigantea,Malvaceae,54.9,0.55,0.26,0.15,22.8,0.54,Plot8_7
1700,8,Chrysophyllum perpulchrum,Sapotaceae,26.9,0.36,0.1,0.08,16.4,0.68,Plot8_7
1701,8,Sterculia oblonga,Malvaceae,41.1,0.41,0.14,0.06,23.6,0.61,Plot8_7
1702,8,Strombosia pustulata,Olacaceae,13.3,0.15,0.08,0.05,9.4,0.83,Plot8_7
1703,8,Strombosia pustulata,Olacaceae,28.1,0.22,0.16,0.09,21,0.83,Plot8_7
1704,8,Buchholzia coriacea ,Capparaceae,10.9,0.13,0.04,0.02,5.5,0.5,Plot8_7
1705,8,Nauclea diderrichii,Rubiaceae,18.1,0.27,0.08,0.07,12.5,0.69,Plot8_7
1706,8,Strombosia pustulata,Olacaceae,26.2,0.32,0.18,0.08,17.8,0.83,Plot8_7
1707,8,Diospyros mespiliformis,Ebenaceae,18,0.22,0.08,0.07,11.2,0.9,Plot8_7
1708,8,Diospyros mespiliformis,Ebenaceae,14.4,0.19,0.08,0.03,12.5,0.9,Plot8_7
1709,8,Nauclea diderrichii,Rubiaceae,24.6,0.36,0.13,0.07,9.8,0.69,Plot8_7
1710,8,Buchholzia coriacea ,Capparaceae,11.1,0.14,0.07,0.02,17.5,0.5,Plot8_7
1711,8,Nauclea diderrichii,Rubiaceae,20.8,0.24,0.08,0.05,10.2,0.69,Plot8_7
1712,8,Diospyros mespiliformis,Ebenaceae,16.3,0.21,0.1,0.05,14.6,0.9,Plot8_7
1713,8,Nauclea diderrichii,Rubiaceae,57.3,0.64,0.16,0.08,12.1,0.69,Plot8_8
1714,8,Sterculia oblonga,Malvaceae,30.1,0.3,0.15,0.09,19.4,0.61,Plot8_8
1715,8,Celtis zenkeri,Cannabaceae,15.8,0.43,0.13,0.08,16.1,0.65,Plot8_8
1716,8,Pausinystalia brachythyrsa,Rubiaceae,38.1,0.46,0.18,0.12,17.1,0.6,Plot8_8
1717,8,Celtis zenkeri,Cannabaceae,36.9,0.2,0.1,0.06,7.5,0.65,Plot8_8
1718,8,Strombosia pustulata,Olacaceae,28.9,0.36,0.18,0.08,12.5,0.83,Plot8_8
1719,8,Nauclea diderrichii,Rubiaceae,28.6,0.33,0.14,0.1,5.3,0.69,Plot8_8
1720,8,Celtis zenkeri,Cannabaceae,14.7,0.16,0.1,0.07,7.8,0.65,Plot8_8
1721,8,Picralima nitida,Apocynaceae,13.3,0.17,0.07,0.04,12.8,0.78,Plot8_8
1722,8,Buchholzia coriacea ,Capparaceae,10.4,0.14,0.06,0.02,10.5,0.5,Plot8_8
1723,8,Strombosia pustulata,Olacaceae,17.1,0.21,0.07,0.03,5.6,0.83,Plot8_8
1724,8,Nauclea diderrichii,Rubiaceae,24.8,0.29,0.13,0.07,12.5,0.69,Plot8_8
1725,8,Nauclea diderrichii,Rubiaceae,24.9,0.25,0.11,0.07,12.6,0.69,Plot8_8
1726,8,Nauclea diderrichii,Rubiaceae,16.9,0.19,0.09,0.05,11.8,0.69,Plot8_8
1727,8,Pausinystalia brachythyrsa,Rubiaceae,64.1,0.69,0,0,,0.6,Plot8_8
1728,8,Pausinystalia brachythyrsa,Rubiaceae,13.6,0.16,0.08,0.05,6.2,0.6,Plot8_8
1729,8,Dialium guineense ,Fabaceae,16.2,0.21,0.1,0.04,4.5,0.88,Plot8_8
1730,8,Sterculia oblonga,Malvaceae,19.8,0.24,0.1,0.04,16.7,0.61,Plot8_8
1731,8,Sterculia oblonga,Malvaceae,63.1,0.63,0.37,0.24,21.8,0.61,Plot8_8
1732,8,Buchholzia coriacea ,Capparaceae,15.9,0.18,0.07,0.03,8.4,0.5,Plot8_8
1733,8,Strombosia pustulata,Olacaceae,28.5,0.33,0.12,0.08,26.4,0.83,Plot8_8
1734,8,Hunteria umbellate ,Apocynaceae,13.4,0.16,0.07,0.04,11.5,0.72,Plot8_8
1735,8,Nauclea diderrichii,Rubiaceae,23.4,0.34,0.14,0.06,10.6,0.69,Plot8_8
1736,8,Triplochiton scleroxylon,Malvaceae,74.6,0.75,0.55,0.2,21,0.34,Plot8_8
1737,8,Nauclea diderrichii,Rubiaceae,13.1,0.16,0,0,,0.69,Plot8_8
1738,9,Strombosia pustulata,Olacaceae,10.1,0.12,0.08,0.03,9.4,0.83,Plot9_1
1739,9,Pausinystalia brachythyrsa,Rubiaceae,11.7,0.15,0.06,0.03,7.4,0.6,Plot9_1
1740,9,Diospyros mespiliformis,Ebenaceae,17.1,0.19,0.09,0.05,11.8,0.9,Plot9_1
1741,9,Sterculia oblonga,Malvaceae,56.1,0.56,0.34,0.12,22.8,0.61,Plot9_1
1742,9,Zanthoxylum zanthoxyloides,Rutaceae,22.5,0.23,0,0,,0.59,Plot9_1
1743,9,Nauclea diderrichii,Rubiaceae,22.9,0.43,0.19,0.1,17.8,0.69,Plot9_1
1744,9,Nauclea diderrichii,Rubiaceae,18.6,0.27,0.08,0.05,7.5,0.69,Plot9_1
1745,9,Entandrophragma angolense,Meliaceae,11.6,0.13,0.07,0.03,15.8,0.58,Plot9_1
1746,9,Albizia ferruginea,Fabaceae,26.5,0.32,0.13,0.07,10.4,0.47,Plot9_1
1747,9,Diospyros mespiliformis,Ebenaceae,13.1,0.15,0.08,0.04,6.4,0.9,Plot9_1
1748,9,Pausinystalia brachythyrsa,Rubiaceae,22.1,0.27,0.06,0.06,8.3,0.6,Plot9_1
1749,9,Nauclea diderrichii,Rubiaceae,11.2,0.16,0.06,0.03,5.6,0.69,Plot9_1
1750,9,Sterculia oblonga,Malvaceae,12.7,0.15,0.05,0.03,5.6,0.61,Plot9_1
1751,9,Nauclea diderrichii,Rubiaceae,25,0.3,0.18,0.06,11.8,0.69,Plot9_1
1752,9,Diospyros mespiliformis,Ebenaceae,14.6,0.19,0.08,0.06,14.5,0.9,Plot9_1
1753,9,Entandrophragma angolense,Meliaceae,85,0.85,0.8,0.46,28.6,0.58,Plot9_1
1754,9,Strombosia pustulata,Olacaceae,61.1,0.65,0.36,0.11,18.4,0.83,Plot9_1
1755,9,Cordia millenii,Boraginaceae,75.5,0.76,0.43,0.1,21.4,0.52,Plot9_1
1756,9,Nauclea diderrichii,Rubiaceae,18.5,0.23,0.1,0.06,9.4,0.69,Plot9_1
1757,9,Celtis zenkeri,Cannabaceae,78.3,0.78,0.43,0.16,24.5,0.65,Plot9_1
1758,9,Nauclea diderrichii,Rubiaceae,19.5,0.23,0.1,0.06,7.5,0.69,Plot9_1
1759,9,Sterculia oblonga,Malvaceae,36.5,0.37,0.12,0.09,21.4,0.61,Plot9_1
1760,9,Strombosia pustulata,Olacaceae,11.4,0.13,0.06,0.03,9.2,0.83,Plot9_1
1761,9,Sterculia oblonga,Malvaceae,53.4,0.53,0.28,0.16,22.5,0.61,Plot9_1
1762,9,Diospyros mespiliformis,Ebenaceae,31.4,0.36,0.13,0.08,17.8,0.9,Plot9_1
1763,9,Nauclea diderrichii,Rubiaceae,10.1,0.11,0.05,0.02,5.6,0.69,Plot9_1
1764,9,Strombosia pustulata,Olacaceae,11.9,0.14,0.08,0.04,12.3,0.83,Plot9_1
1765,9,Buchholzia coriacea ,Capparaceae,24.8,0.28,0.1,0.07,12.4,0.5,Plot9_1
1766,9,Picralima nitida,Apocynaceae,30.5,0.31,0.1,0.06,7.1,0.78,Plot9_1
1767,9,Nauclea diderrichii,Rubiaceae,11,0.13,0,0,,0.69,Plot9_1
1768,9,Funtumia elastica,Apocynaceae,11,0.15,0.08,0.04,13.4,0.51,Plot9_1
1769,9,Triplochiton scleroxylon,Malvaceae,120.5,1.21,0.84,0.44,28.7,0.34,Plot9_1
1770,9,Strombosia pustulata,Olacaceae,21.5,0.25,0.08,0.06,15.2,0.83,Plot9_2
1771,9,Nauclea diderrichii,Rubiaceae,25.4,0.31,0.18,0.08,10.2,0.69,Plot9_2
1772,9,Nauclea diderrichii,Rubiaceae,12.4,0.14,0.05,0.01,6.8,0.69,Plot9_2
1773,9,Strombosia pustulata,Olacaceae,28.5,0.34,0.12,0.08,13.6,0.83,Plot9_2
1774,9,Buchholzia coriacea ,Capparaceae,14.7,0.18,0.08,0.04,6.1,0.5,Plot9_2
1775,9,Strombosia pustulata,Olacaceae,16.7,0.2,0.1,0.04,13.6,0.83,Plot9_2
1776,9,Nauclea diderrichii,Rubiaceae,21.1,0.39,0.08,0.04,5.1,0.69,Plot9_2
1777,9,Alstonia boonei,Apocynaceae,25,0.31,0.1,0.09,16.4,0.37,Plot9_2
1778,9,Buchholzia coriacea ,Capparaceae,14.7,0.19,0.1,0.06,8.4,0.5,Plot9_2
1779,9,Sterculia oblonga,Malvaceae,18,0.21,0.12,0.08,10.8,0.61,Plot9_2
1780,9,Nauclea diderrichii,Rubiaceae,23.2,0.31,0.11,0.08,10.5,0.69,Plot9_2
1781,9,Nauclea diderrichii,Rubiaceae,21.1,0.28,0.1,0.06,5.8,0.69,Plot9_2
1782,9,Strombosia pustulata,Olacaceae,24.2,0.29,0.13,0.07,9.6,0.83,Plot9_2
1783,9,Nauclea diderrichii,Rubiaceae,12.1,0.19,0.06,0.04,7.8,0.69,Plot9_2
1784,9,Pausinystalia brachythyrsa,Rubiaceae,13.3,0.2,0.07,0.03,7.1,0.6,Plot9_2
1785,9,Mitragyna ciliata,Rubiaceae,19.6,0.24,0.08,0.05,10.8,0.46,Plot9_2
1786,9,Mitragyna ciliata,Rubiaceae,27,0.34,0.13,0.06,11.9,0.46,Plot9_2
1787,9,Mitragyna ciliata,Rubiaceae,14.6,0.18,0.09,0.02,6.5,0.46,Plot9_2
1788,9,Strombosia pustulata,Olacaceae,12.2,0.22,0.08,0.03,17.6,0.83,Plot9_2
1789,9,Mitragyna ciliata,Rubiaceae,29.9,0.4,0.14,0.08,10.1,0.46,Plot9_2
1790,9,Mitragyna ciliata,Rubiaceae,36.9,0.46,0.21,0.1,13.3,0.46,Plot9_3
1791,9,Nauclea diderrichii,Rubiaceae,32.1,0.4,0.07,0.05,13.4,0.69,Plot9_3
1792,9,Pausinystalia brachythyrsa,Rubiaceae,31.2,0.37,0.16,0.08,10.8,0.6,Plot9_3
1793,9,Desplatsia dewevrei ,Malvaceae,27.9,0.28,0.13,0.05,11.5,0.62,Plot9_3
1794,9,Sterculia oblonga,Malvaceae,54.8,0.55,0.36,0.12,24.8,0.61,Plot9_3
1795,9,Ceiba pentandra,Malvaceae,165.5,0,0,0,,0.3,Plot9_3
1796,9,Strombosia pustulata,Olacaceae,20,0.28,0.12,0.06,21.4,0.83,Plot9_3
1797,9,Buchholzia coriacea ,Capparaceae,12.1,0.15,0.08,0.05,13.4,0.5,Plot9_3
1798,9,Buchholzia coriacea ,Capparaceae,12.1,0.15,0.08,0.05,13.4,0.5,Plot9_3
1799,9,Alstonia boonei,Apocynaceae,54.1,0.54,0.41,0.18,23.4,0.37,Plot9_3
1800,9,Alstonia boonei,Apocynaceae,45,0.45,0.29,0.12,22.1,0.37,Plot9_3
1801,9,Celtis zenkeri,Cannabaceae,95,0.95,0.42,0.15,23.1,0.65,Plot9_3
1802,9,Celtis zenkeri,Cannabaceae,22,0.25,0,0,,0.65,Plot9_3
1803,9,Buchholzia coriacea ,Capparaceae,29,0.32,0.12,0.09,11.5,0.5,Plot9_3
1804,9,Celtis zenkeri,Cannabaceae,54.9,0,0,0,,0.65,Plot9_3
1805,9,Nauclea diderrichii,Rubiaceae,23.9,0.27,0.1,0.06,9.6,0.69,Plot9_3
1806,9,Nauclea diderrichii,Rubiaceae,15.6,0.22,0.06,0.03,8.4,0.69,Plot9_3
1807,9,Nauclea diderrichii,Rubiaceae,22.1,0.28,0.12,0.08,10,0.69,Plot9_3
1808,9,Ricinodendron heudelotii,Euphorbiaceae,29.1,0.39,0.17,0.06,23.5,0.22,Plot9_3
1809,9,Ricinodendron heudelotii,Euphorbiaceae,37.1,0.41,0.29,0.06,22.1,0.22,Plot9_3
1810,9,Brachystegia eurycoma,Fabaceae,12,0.15,0.1,0.05,19.5,0.52,Plot9_3
1811,9,Brachystegia eurycoma,Fabaceae,17.5,0.21,0.12,0.06,19.5,0.52,Plot9_3
1812,9,Hildegardia barteri,Malvaceae,22.5,0.25,0.17,0.04,19.3,0.33,Plot9_3
1813,9,Brachystegia eurycoma,Fabaceae,47.9,0.52,0.3,0.07,22,0.52,Plot9_3
1814,9,Ricinodendron heudelotii,Euphorbiaceae,13,0.15,0.09,0.05,22.1,0.22,Plot9_3
1815,9,Ricinodendron heudelotii,Euphorbiaceae,30.4,0.38,0.23,0.04,23.3,0.22,Plot9_3
1816,9,Ricinodendron heudelotii,Euphorbiaceae,22,0.29,0.15,0.06,22.9,0.22,Plot9_3
1817,9,Cola millenii,Malvaceae,12,0.15,0.09,0.05,22.7,0.77,Plot9_3
1818,9,Cola millenii,Malvaceae,11,0.13,0.08,0.06,21,0.77,Plot9_3
1819,9,Ricinodendron heudelotii,Euphorbiaceae,31,0.4,0.14,0.06,22.3,0.22,Plot9_3
1820,9,Ricinodendron heudelotii,Euphorbiaceae,31.4,0.36,0.22,0.05,21.6,0.22,Plot9_3
1821,9,Cola millenii,Malvaceae,21.5,0.25,0.14,0.03,19.6,0.77,Plot9_3
1822,9,Cola millenii,Malvaceae,20.2,0.25,0.17,0.04,14.2,0.77,Plot9_3
1823,9,Brachystegia eurycoma,Fabaceae,12,0.16,0.09,0.05,19.4,0.52,Plot9_3
1824,9,Albizia ferruginea,Fabaceae,42,0.52,0.31,0.07,23.6,0.47,Plot9_4
1825,9,Brachystegia eurycoma,Fabaceae,32.9,0.38,0.26,0.07,22.5,0.52,Plot9_4
1826,9,Ricinodendron heudelotii,Euphorbiaceae,29.1,0.39,0.17,0.08,22.8,0.22,Plot9_4
1827,9,Alstonia boonei,Apocynaceae,50,0.67,0.22,0.1,22.6,0.37,Plot9_4
1828,9,Celtis zenkeri,Cannabaceae,20,0.23,0.11,0.07,20.7,0.65,Plot9_4
1829,9,Pterygota macrocarpa,Malvaceae,34.2,0.39,0.21,0.05,24.6,0.52,Plot9_4
1830,9,Cola gigantea,Malvaceae,13.9,0.18,0.1,0.03,14.5,0.54,Plot9_4
1831,9,Cola gigantea,Malvaceae,25.7,0.27,0.17,0.05,22.3,0.54,Plot9_4
1832,9,Cola gigantea,Malvaceae,23.3,0.25,0.14,0.05,22.3,0.54,Plot9_4
1833,9,Ricinodendron heudelotii,Euphorbiaceae,28.8,0.33,0.21,0.04,19.7,0.22,Plot9_4
1834,9,Cola gigantea,Malvaceae,16.5,0.19,0.1,0.03,19.2,0.54,Plot9_4
1835,9,Cola gigantea,Malvaceae,16.2,0.18,0.1,0.04,18.6,0.54,Plot9_4
1836,9,Celtis philippensis,Cannabaceae,11,0.13,0.11,0.03,14.2,0.72,Plot9_4
1837,9,Cola gigantea,Malvaceae,38,0.53,0.24,0.05,23.3,0.54,Plot9_4
1838,9,Cola gigantea,Malvaceae,25,0.31,0.16,0.04,21.7,0.54,Plot9_4
1839,9,Ricinodendron heudelotii,Euphorbiaceae,26.7,0.29,0.15,0.07,25.5,0.22,Plot9_4
1840,9,Cola millenii,Malvaceae,15,0.18,0.09,0.04,15.3,0.77,Plot9_4
1841,9,Ricinodendron heudelotii,Euphorbiaceae,66.7,0.67,0.43,0.06,23.2,0.22,Plot9_4
1842,9,Microdesmis puberula,Pandacea,18,0.22,0.12,0.03,11.2,0.7,Plot9_4
1843,9,Ricinodendron heudelotii,Euphorbiaceae,80.4,0.85,0.67,0.09,22,0.22,Plot9_4
1844,9,Brachystegia eurycoma,Fabaceae,50.4,0.54,0.48,0.06,21.8,0.52,Plot9_4
1845,9,Blighia sapida,Sapindaceae,46,0.58,0.39,0.05,21.2,0.81,Plot9_4
1846,9,Cola millenii,Malvaceae,14.7,0.18,0.12,0.03,11.7,0.77,Plot9_4
1847,9,Sterculia rhinopetala,Malvaceae,41.5,0.43,0.34,0.05,22,0.64,Plot9_4
1848,9,Ricinodendron heudelotii,Euphorbiaceae,55.4,0.62,0.42,0.07,24,0.22,Plot9_5
1849,9,Ricinodendron heudelotii,Euphorbiaceae,23.8,0.3,0.17,0.04,16.9,0.22,Plot9_5
1850,9,Pouteria alnifolia,Fabaceae,12,0.15,0.07,0.04,16,0.55,Plot9_5
1851,9,Trilepisium madagascariense,Moraceae,17.2,0.19,0.13,0.05,21.2,0.5,Plot9_5
1852,9,Ceiba pentandra,Malvaceae,28.2,0.38,0.14,0.05,12.7,0.3,Plot9_5
1853,9,Newbouldia laevis,Bignoniaceae,16.4,0.19,0.11,0.03,13.4,0.49,Plot9_5
1854,9,Cola millenii,Malvaceae,25,0.27,0.15,0.04,15.3,0.77,Plot9_5
1855,9,Cola millenii,Malvaceae,19,0.2,0.1,0.05,15.7,0.77,Plot9_5
1856,9,Sterculia oblonga,Malvaceae,47.8,0.52,0.33,0.04,20.5,0.61,Plot9_5
1857,9,Celtis zenkeri,Cannabaceae,39.5,0.47,0.23,0.04,25.2,0.65,Plot9_5
1858,9,Cola millenii,Malvaceae,10.5,0.12,0.07,0.03,7.8,0.77,Plot9_5
1859,9,Cola gigantea,Malvaceae,50.5,0.63,0.43,0.05,20.1,0.54,Plot9_5
1860,9,Cola gigantea,Malvaceae,16,0.2,0.12,0.05,16.8,0.54,Plot9_5
1861,9,Brachystegia eurycoma,Fabaceae,12.5,0.16,0.11,0.04,15.3,0.52,Plot9_5
1862,9,Microdesmis puberula,Pandacea,30,0.36,0.23,0.05,14.44,0.7,Plot9_5
1863,9,Cola gigantea,Malvaceae,24.2,0.31,0.18,0.07,17.4,0.54,Plot9_5
1864,9,Sterculia tragacantha,Malvaceae,14.8,0.18,0.1,0.04,13.5,0.48,Plot9_5
1865,9,Ricinodendron heudelotii,Euphorbiaceae,15.4,0.18,0.14,0.04,10,0.22,Plot9_5
1866,9,Pterygota macrocarpa,Malvaceae,22.2,0.29,0.13,0.03,22.1,0.52,Plot9_5
1867,9,Brachystegia eurycoma,Fabaceae,56,0.62,0.35,0.06,22.5,0.52,Plot9_5
1868,9,Ricinodendron heudelotii,Euphorbiaceae,14.1,0.21,0.1,0.03,17.1,0.22,Plot9_5
1869,9,Celtis philippensis,Cannabaceae,25,0.3,0.13,0.05,21.2,0.72,Plot9_5
1870,9,Ceiba pentandra,Malvaceae,99.8,1.13,0.67,0.11,25.1,0.3,Plot9_5
1871,9,Cola millenii,Malvaceae,23.5,0.25,0.12,0.06,20.9,0.77,Plot9_5
1872,9,Picralima nitida,Apocynaceae,18,0.23,0.11,0.04,23.1,0.78,Plot9_5
1873,9,Cola millenii,Malvaceae,13.8,0.17,0.12,0.04,18.2,0.77,Plot9_5
1874,9,Sterculia oblonga,Malvaceae,16.6,0.21,0.11,0.05,20.8,0.61,Plot9_5
1875,9,Sterculia oblonga,Malvaceae,18.6,0.22,0.12,0.04,20.4,0.61,Plot9_5
1876,9,Pterygota macrocarpa,Malvaceae,21.5,0.29,0.15,0.05,23.4,0.52,Plot9_5
1877,9,Pterygota macrocarpa,Malvaceae,48,0.55,0.37,0.07,21.6,0.52,Plot9_5
1878,9,Pterygota macrocarpa,Malvaceae,17,0.21,0.13,0.05,18.3,0.52,Plot9_5
1879,9,Cola gigantea,Malvaceae,57,0.82,0.59,0.07,22.2,0.54,Plot9_5
1880,9,Albizia ferruginea,Fabaceae,33.2,0.38,0.24,0.05,23.6,0.47,Plot9_5
1881,9,Ceiba pentandra,Malvaceae,24.2,0.28,0.21,0.06,20.5,0.3,Plot9_5
1882,9,Cola gigantea,Malvaceae,46,0.57,0.38,0.09,23,0.54,Plot9_5
1883,9,Cola millenii,Malvaceae,35,0.42,0.13,0.06,18.6,0.77,Plot9_6
1884,9,Pterygota macrocarpa,Malvaceae,61,0.68,0.46,0.09,23.6,0.52,Plot9_6
1885,9,Ricinodendron heudelotii,Euphorbiaceae,52,0.58,0.36,0.04,23.1,0.22,Plot9_6
1886,9,Hildegardia barteri,Malvaceae,45.3,0.55,0.44,0.05,20.2,0.33,Plot9_6
1887,9,Hildegardia barteri,Malvaceae,24.3,0.34,0.15,0.07,19.1,0.33,Plot9_6
1888,9,Cola millenii,Malvaceae,16.2,0.2,0.11,0.04,19.6,0.77,Plot9_6
1889,9,Trilepisium madagascariense,Moraceae,20.5,0.26,0.13,0.05,14.7,0.5,Plot9_6
1890,9,Trilepisium madagascariense,Moraceae,31.9,0.38,0.2,0.05,22.4,0.5,Plot9_6
1891,9,Cola gigantea,Malvaceae,48.9,0.66,0.43,0.08,23.7,0.54,Plot9_6
1892,9,Triplochiton scleroxylon,Malvaceae,98,1.08,0.63,0.1,25.5,0.34,Plot9_6
1893,9,Antiaris toxicaria,Moraceae,25.3,0.3,0.16,0.05,20.5,0.38,Plot9_6
1894,9,Cola millenii,Malvaceae,27.5,0.3,0.21,0.04,19.7,0.77,Plot9_6
1895,9,Cola millenii,Malvaceae,23.5,0.25,0.18,0.04,11.2,0.77,Plot9_6
1896,9,Cola gigantea,Malvaceae,21,0.25,0.14,0.05,21.7,0.54,Plot9_6
1897,9,Microdesmis puberula,Pandacea,14.6,0.17,0.11,0.03,15.7,0.7,Plot9_6
1898,9,Pterygota macrocarpa,Malvaceae,41.5,0.44,0.4,0.06,23.7,0.52,Plot9_6
1899,9,Pouteria alnifolia,Fabaceae,33.9,0.43,0.16,0.05,20.5,0.55,Plot9_6
1900,9,Cola millenii,Malvaceae,34,0.45,0.27,0.05,20.5,0.77,Plot9_6
1901,9,Ricinodendron heudelotii,Euphorbiaceae,33,0.36,0.45,0.07,21.3,0.22,Plot9_6
1902,9,Triplochiton scleroxylon,Malvaceae,36.7,0.41,0.32,0.07,23.8,0.34,Plot9_6
1903,9,Celtis zenkeri,Cannabaceae,35.3,0.42,0.2,0.07,24.5,0.65,Plot9_6
1904,9,Cola gigantea,Malvaceae,12.1,0.15,0.08,0.04,11.2,0.54,Plot9_6
1905,9,Cola millenii,Malvaceae,16.9,0.45,0.12,0.05,20.5,0.77,Plot9_6
1906,9,Terminalia superba,Combretaceae,91.5,0.97,0.64,0.07,25,0.45,Plot9_6
1907,9,Dialium guineense ,Fabaceae,19.5,0.24,0.15,0.06,21.6,0.88,Plot9_6
1908,10,Cola millenii,Malvaceae,21.5,0.31,0.13,0.04,20.7,0.77,Plot10_1
1909,10,Cola millenii,Malvaceae,15,0.24,0.1,0.04,14.7,0.77,Plot10_1
1910,10,Nesogordonia papaverifera,Malvaceae,30.4,0.36,0.23,0.06,21.8,0.65,Plot10_1
1911,10,Ficus exasperata,Moraceae,21,0.28,0.12,0.08,23.6,0.34,Plot10_1
1912,10,Pterygota macrocarpa,Malvaceae,39.5,0.42,0.27,0.07,21.3,0.52,Plot10_1
1913,10,Cola millenii,Malvaceae,20.3,0.25,0.13,0.05,20.4,0.77,Plot10_1
1914,10,Trichilia monadelpha,Meliaceae,28.8,0.35,0.19,0.05,19.7,0.48,Plot10_1
1915,10,Trichilia monadelpha,Meliaceae,42,0.45,0.29,0.06,20.5,0.48,Plot10_1
1916,10,Celtis zenkeri,Cannabaceae,60.5,0.63,0.48,0.08,23.5,0.65,Plot10_1
1917,10,Ricinodendron heudelotii,Euphorbiaceae,46.6,0.5,0.38,0.05,20.7,0.22,Plot10_1
1918,10,Cola gigantea,Malvaceae,12,0.15,0.08,0.04,21.9,0.54,Plot10_1
1919,10,Cola gigantea,Malvaceae,19.2,0.24,0.13,0.05,19.4,0.54,Plot10_1
1920,10,Cola gigantea,Malvaceae,13.8,0.18,0.1,0.04,20.3,0.54,Plot10_1
1921,10,Ricinodendron heudelotii,Euphorbiaceae,33,0.36,0.21,0.07,23.2,0.22,Plot10_1
1922,10,Hildegardia barteri,Malvaceae,16.1,0.17,0.1,0.04,18.4,0.33,Plot10_1
1923,10,Hildegardia barteri,Malvaceae,21,0.27,0.17,0.05,18.1,0.33,Plot10_1
1924,10,Sterculia tragacantha,Malvaceae,48,0.58,0.31,0.07,20.7,0.48,Plot10_1
1925,10,Cola millenii,Malvaceae,11.5,0.15,0.09,0.05,18.3,0.77,Plot10_1
1926,10,Ricinodendron heudelotii,Euphorbiaceae,70,0.83,0.57,0.08,23.7,0.22,Plot10_1
1927,10,Ceiba pentandra,Malvaceae,14,0.16,0.11,0.05,16.2,0.3,Plot10_1
1928,10,Ricinodendron heudelotii,Euphorbiaceae,49.5,0.55,0.4,0.06,21.7,0.22,Plot10_1
1929,10,Hildegardia barteri,Malvaceae,30,0.46,0.2,0.07,23.9,0.33,Plot10_1
1930,10,Cola millenii,Malvaceae,17.3,0.24,0.1,0.04,13.6,0.77,Plot10_1
1931,10,Blighia sapida,Sapindaceae,14,0.17,0.12,0.05,13.8,0.81,Plot10_1
1932,10,Dialium guineense ,Fabaceae,21.3,0.23,0.14,0.05,18.6,0.88,Plot10_1
1933,10,Cola millenii,Malvaceae,16.5,0.23,0.16,0.05,13.6,0.77,Plot10_1
1934,10,Hildegardia barteri,Malvaceae,48.5,0.52,0.39,0.06,24.3,0.33,Plot10_1
1935,10,Dialium guineense ,Fabaceae,17.5,0.19,0.11,0.06,18.6,0.88,Plot10_1
1936,10,Cola millenii,Malvaceae,18.5,0.24,0.15,0.05,17.3,0.77,Plot10_1
1937,10,Celtis zenkeri,Cannabaceae,26.5,0.37,0.19,0.06,22.4,0.65,Plot10_1
1938,10,Ricinodendron heudelotii,Euphorbiaceae,43.7,0.49,0.41,0.05,16.2,0.22,Plot10_1
1939,10,Celtis zenkeri,Cannabaceae,33.2,0.43,0.26,0.08,22.4,0.65,Plot10_1
1940,10,Cola millenii,Malvaceae,13.2,0.15,0.1,0.04,15.8,0.77,Plot10_1
1941,10,Cola millenii,Malvaceae,13.6,0.17,0.1,0.06,13.7,0.77,Plot10_1
1942,10,Celtis zenkeri,Cannabaceae,16.3,0.18,0.11,0.05,22.9,0.65,Plot10_1
1943,10,Celtis zenkeri,Cannabaceae,14.3,0.17,0.09,0.04,14.7,0.65,Plot10_2
1944,10,Hildegardia barteri,Malvaceae,40,0.45,0.36,0.05,22.3,0.33,Plot10_2
1945,10,Trichilia heudelotii,Meliaceae,14.6,0.24,0.11,0.04,16,0.44,Plot10_2
1946,10,Funtumia elastica,Apocynaceae,21.3,0.24,0.17,0.05,21.7,0.51,Plot10_2
1947,10,Ricinodendron heudelotii,Euphorbiaceae,28.7,0.35,0.2,0.05,21.6,0.22,Plot10_2
1948,10,Cola millenii,Malvaceae,15.5,0.18,0.12,0.04,16.5,0.77,Plot10_2
1949,10,Cola millenii,Malvaceae,15.5,0.18,0.12,0.04,12.9,0.77,Plot10_2
1950,10,Ceiba pentandra,Malvaceae,23.6,0.27,0.17,0.05,21.5,0.3,Plot10_2
1951,10,Dialium guineense ,Fabaceae,38.3,0.45,0.39,0.05,23.8,0.88,Plot10_2
1952,10,Dialium guineense ,Fabaceae,17.5,0.2,0.11,0.06,17.3,0.88,Plot10_2
1953,10,Brachystegia eurycoma,Fabaceae,67,0.74,0.55,0.08,26,0.52,Plot10_2
1954,10,Cola millenii,Malvaceae,13.5,0.15,0.08,0.04,12.9,0.77,Plot10_2
1955,10,Trichilia monadelpha,Meliaceae,21,0.26,0.15,0.04,16.5,0.48,Plot10_2
1956,10,Triplochiton scleroxylon,Malvaceae,72.5,0.86,0.64,0.09,25.6,0.34,Plot10_2
1957,10,Cola millenii,Malvaceae,15.1,0.17,0.09,0.05,12.9,0.77,Plot10_2
1958,10,Cola millenii,Malvaceae,13.8,0.18,0.1,0.07,20.3,0.77,Plot10_2
1959,10,Cola millenii,Malvaceae,11.8,0.15,0.08,0.04,17.9,0.77,Plot10_2
1960,10,Ceiba pentandra,Malvaceae,47.9,0.58,0.44,0.05,25.6,0.3,Plot10_2
1961,10,Celtis zenkeri,Cannabaceae,12.9,0.15,0.1,0.05,18.7,0.65,Plot10_2
1962,10,Cola millenii,Malvaceae,17,0.24,0.15,0.06,18.9,0.77,Plot10_2
1963,10,Cola millenii,Malvaceae,28.1,0.32,0.23,0.05,21,0.77,Plot10_2
1964,10,Monodora tenuifolia,Annonaceae,14.3,0.17,0.1,0.04,16.4,0.49,Plot10_2
1965,10,Celtis zenkeri,Cannabaceae,11,0.13,0.07,0.05,21,0.65,Plot10_2
1966,10,Spondias mombin,Anacardiaceae,27.2,0.3,0.17,0.07,17.2,0.32,Plot10_2
1967,10,Cola millenii,Malvaceae,15.8,0.18,0.12,0.05,14.9,0.77,Plot10_2
1968,10,Ceiba pentandra,Malvaceae,64.3,0.78,0.52,0.06,25.8,0.3,Plot10_2
1969,10,Antiaris toxicaria,Moraceae,25.3,0.28,0.17,0.06,21.2,0.38,Plot10_2
1970,10,Ricinodendron heudelotii,Euphorbiaceae,107,1.17,0.82,0.06,25.2,0.22,Plot10_2
1971,10,Piptadeniastrum africanum,Fabaceae,89,0.96,0.6,0.06,25,0.64,Plot10_2
1972,10,Cola millenii,Malvaceae,14,0.18,0.08,0.04,20,0.77,Plot10_2
1973,10,Pouteria alnifolia,Fabaceae,39.5,0.45,0.26,0.05,17.7,0.55,Plot10_2
1974,10,Funtumia elastica,Apocynaceae,15.5,0.2,0.11,0.04,19.7,0.51,Plot10_3
1975,10,Trichilia monadelpha,Meliaceae,17,0.23,0.13,0.07,19.7,0.48,Plot10_3
1976,10,Trichilia heudelotii,Meliaceae,28,0.33,0.24,0.05,19.2,0.44,Plot10_3
1977,10,Xylopia aethiopica,Annonaceae,12.8,0.16,0.09,0.04,11.6,0.44,Plot10_3
1978,10,Alstonia boonei,Apocynaceae,55,0.7,0.37,0.05,20.4,0.37,Plot10_3
1979,10,Funtumia elastica,Apocynaceae,12.7,0.16,0.1,0.04,15.8,0.51,Plot10_3
1980,10,Cola gigantea,Malvaceae,13,0.15,0.13,0.05,11.5,0.54,Plot10_3
1981,10,Newbouldia laevis,Bignoniaceae,13.2,0.16,0.1,0.05,17.9,0.49,Plot10_3
1982,10,Newbouldia laevis,Bignoniaceae,20.5,0.24,0.14,0.04,21.5,0.49,Plot10_3
1983,10,Trilepisium madagascariense,Moraceae,30.2,0.4,0.23,0.04,21.1,0.5,Plot10_3
1984,10,Hildegardia barteri,Malvaceae,31.9,0.35,0.25,0.05,22,0.33,Plot10_3
1985,10,Trilepisium madagascariense,Moraceae,37.2,0.52,0.26,0.07,22,0.5,Plot10_3
1986,10,Trilepisium madagascariense,Moraceae,57.8,0.62,0.43,0.04,20.8,0.5,Plot10_3
1987,10,Hildegardia barteri,Malvaceae,72.9,0.87,0.52,0.06,25,0.33,Plot10_3
1988,10,Dialium guineense ,Fabaceae,14.3,0.17,0.1,0.04,19.8,0.88,Plot10_3
1989,10,Ricinodendron heudelotii,Euphorbiaceae,56,0.65,0.5,0.06,20.6,0.22,Plot10_3
1990,10,Trilepisium madagascariense,Moraceae,10.5,0.15,0.08,0.04,10.2,0.5,Plot10_3
1991,10,Sterculia rhinopetala,Malvaceae,11,0.15,0.07,0.05,11.4,0.64,Plot10_3
1992,10,Albizia ferruginea,Fabaceae,47,0.52,0.36,0.06,22.6,0.47,Plot10_3
1993,10,Cola millenii,Malvaceae,18.5,0.21,0.14,0.04,20.3,0.77,Plot10_3
1994,10,Ricinodendron heudelotii,Euphorbiaceae,56,0.65,0.49,0.06,20.6,0.22,Plot10_3
1995,10,Ricinodendron heudelotii,Euphorbiaceae,39,0.42,0.3,0.05,20.6,0.22,Plot10_3
1996,10,Brachystegia eurycoma,Fabaceae,33,0.37,0.26,0.05,21.8,0.52,Plot10_3
1997,10,Brachystegia eurycoma,Fabaceae,89.3,1.01,0.63,0.09,24.5,0.52,Plot10_3
1998,10,Cola gigantea,Malvaceae,49.3,0.66,0.37,0.05,22.6,0.54,Plot10_3
1999,10,Alstonia boonei,Apocynaceae,24,0.31,0.05,0.04,20.2,0.37,Plot10_3
2000,10,Celtis zenkeri,Cannabaceae,17,0.2,0.14,0.05,22.9,0.65,Plot10_4
2001,10,Celtis zenkeri,Cannabaceae,29.1,0.36,0.17,0.05,23.9,0.65,Plot10_4
2002,10,Antiaris toxicaria,Moraceae,32,0.41,0.27,0.06,20.9,0.38,Plot10_4
2003,10,Celtis zenkeri,Cannabaceae,15.1,0.18,0.1,0.05,20,0.65,Plot10_4
2004,10,Celtis zenkeri,Cannabaceae,22,0.24,0.17,0.05,19.9,0.65,Plot10_4
2005,10,Ceiba pentandra,Malvaceae,60.2,0.71,0.54,0.06,21.2,0.3,Plot10_4
2006,10,Cola gigantea,Malvaceae,27.9,0.33,0.15,0.06,21.9,0.54,Plot10_4
2007,10,Celtis zenkeri,Cannabaceae,20.2,0.23,0.13,0.05,20.5,0.65,Plot10_4
2008,10,Terminalia ivorensis,Combretaceae,42,0.62,0.38,0.05,22.5,0.48,Plot10_4
2009,10,Ricinodendron heudelotii,Euphorbiaceae,33,0.37,0.24,0.06,21.2,0.22,Plot10_4
2010,10,Dialium guineense ,Fabaceae,21.4,0.29,0.17,0.04,21,0.88,Plot10_4
2011,10,Brachystegia eurycoma,Fabaceae,31.7,0.41,0.23,0.05,22.4,0.52,Plot10_4
2012,10,Ricinodendron heudelotii,Euphorbiaceae,38.3,0.47,0.3,0.06,23.2,0.22,Plot10_4
2013,10,Dialium guineense ,Fabaceae,14,0.2,0.1,0.05,24.9,0.88,Plot10_4
2014,10,Ceiba pentandra,Malvaceae,69.6,0.73,0.75,0.12,21.6,0.3,Plot10_4
2015,10,Terminalia superba,Combretaceae,64,0.87,0.51,0.05,24.7,0.45,Plot10_4
2016,10,Anthonotha macrophylla,Fabaceae,16.3,0.19,0.09,0.03,17.7,0.78,Plot10_4
2017,10,Anthonotha macrophylla,Fabaceae,14.3,0.17,0.1,0.04,17.2,0.78,Plot10_4
2018,10,Anthonotha macrophylla,Fabaceae,15.1,0.17,0.1,0.04,17.5,0.78,Plot10_4
2019,10,Celtis zenkeri,Cannabaceae,17.6,0.22,0.12,0.05,21.2,0.65,Plot10_4
2020,10,Dialium guineense ,Fabaceae,17,0.22,0.1,0.06,19.6,0.88,Plot10_4
2021,10,Ceiba pentandra,Malvaceae,39.2,0.44,0.24,0.06,20.9,0.3,Plot10_4
2022,10,Alstonia boonei,Apocynaceae,54,0.65,0.43,0.06,21.9,0.37,Plot10_4
2023,10,Ricinodendron heudelotii,Euphorbiaceae,65,0.8,0.53,0.05,23,0.22,Plot10_4
2024,10,Ricinodendron heudelotii,Euphorbiaceae,65.2,0.71,0.48,0.05,22.2,0.22,Plot10_4
2025,10,Ceiba pentandra,Malvaceae,15.8,0.17,0.12,0.05,21.3,0.3,Plot10_4
2026,10,Alstonia boonei,Apocynaceae,87.3,0.91,0.63,0.06,24.3,0.37,Plot10_4
2027,10,Cola millenii,Malvaceae,11.9,0.14,0.08,0.05,20.1,0.77,Plot10_4
2028,10,Microdesmis puberula,Pandacea,27.6,0.31,0.2,0.05,25.6,0.7,Plot10_4
2029,10,Monodora tenuifolia,Annonaceae,23.2,0.27,0.19,0.06,19.8,0.49,Plot10_4
2030,10,Cola millenii,Malvaceae,31,0.35,0.27,0.07,22.4,0.77,Plot10_4
2031,10,Olax subscorpioidea,Olacaceae,14,0.18,0.1,0.06,11.7,0.77,Plot10_4
2032,10,Trichilia heudelotii,Meliaceae,49,0.57,0.28,0.06,19.5,0.44,Plot10_4
2033,10,Triplochiton scleroxylon,Malvaceae,32.5,0.44,0.3,0.05,21.6,0.34,Plot10_4
2034,10,Triplochiton scleroxylon,Malvaceae,35.7,0.39,0.29,0.05,22,0.34,Plot10_4
2035,10,Ceiba pentandra,Malvaceae,51.3,0.56,0.39,0.06,21.1,0.3,Plot10_4
2036,10,Ricinodendron heudelotii,Euphorbiaceae,40,0.46,0.3,0.04,21.2,0.22,Plot10_5
2037,10,Ricinodendron heudelotii,Euphorbiaceae,44.2,0.5,0.34,0.06,22.7,0.22,Plot10_5
2038,10,Anthonotha macrophylla,Fabaceae,15.8,0.21,0.14,0.05,20,0.78,Plot10_5
2039,10,Ricinodendron heudelotii,Euphorbiaceae,46.2,0.55,0.37,0.05,22.9,0.22,Plot10_5
2040,10,Cola gigantea,Malvaceae,11.2,0.15,0.07,0.06,18.6,0.54,Plot10_5
2041,10,Ricinodendron heudelotii,Euphorbiaceae,55.8,0.61,0.41,0.06,25.5,0.22,Plot10_5
2042,10,Cola gigantea,Malvaceae,25.3,0.32,0.13,0.04,20,0.54,Plot10_5
2043,10,Ceiba pentandra,Malvaceae,47,0.53,0.39,0.05,21.6,0.3,Plot10_5
2044,10,Pterygota macrocarpa,Malvaceae,24.9,0.31,0.16,0.06,20.9,0.52,Plot10_5
2045,10,Cola millenii,Malvaceae,14,0.18,0.08,0.04,20,0.77,Plot10_5
2046,10,Sterculia tragacantha,Malvaceae,20.8,0.25,0.13,0.05,20.2,0.48,Plot10_5
2047,10,Ceiba pentandra,Malvaceae,237,2.48,1.72,0.1,24.4,0.3,Plot10_5
2048,10,Celtis zenkeri,Cannabaceae,45.8,0.59,0.38,0.06,23.2,0.65,Plot10_5
2049,10,Hildegardia barteri,Malvaceae,32,0.38,0.28,0.06,21.8,0.33,Plot10_5
2050,10,Triplochiton scleroxylon,Malvaceae,65,0.7,0.52,0.08,23.4,0.34,Plot10_5
2051,10,Cola gigantea,Malvaceae,43.8,0.53,0.38,0.06,24.8,0.54,Plot10_5
2052,10,Cola gigantea,Malvaceae,12.5,0.17,0.09,0.04,19.2,0.54,Plot10_5
2053,10,Celtis zenkeri,Cannabaceae,14,0.17,0.1,0.04,21.5,0.65,Plot10_5
2054,10,Ceiba pentandra,Malvaceae,100,1.29,0.58,0.12,22.4,0.3,Plot10_5
2055,10,Celtis zenkeri,Cannabaceae,19.8,0.24,0.11,0.04,21.8,0.65,Plot10_5
2056,10,Sterculia tragacantha,Malvaceae,33.8,0.37,0.29,0.05,23.3,0.48,Plot10_5
2057,10,Cola millenii,Malvaceae,21.3,0.25,0.15,0.05,15,0.77,Plot10_5
2058,10,Ricinodendron heudelotii,Euphorbiaceae,56,0.65,0.49,0.06,20.6,0.22,Plot10_5
2059,10,Ricinodendron heudelotii,Euphorbiaceae,39,0.42,0.3,0.05,20.6,0.22,Plot10_5
2060,10,Brachystegia eurycoma,Fabaceae,33,0.37,0.26,0.05,21.8,0.52,Plot10_5
2061,10,Pterygota macrocarpa,Malvaceae,13.5,0.19,0.08,0.04,20.9,0.52,Plot10_5
2062,10,Sterculia tragacantha,Malvaceae,13.7,0.18,0.07,0.03,20.9,0.48,Plot10_6
2063,10,Cola gigantea,Malvaceae,21,0.25,0.13,0.07,21,0.54,Plot10_6
2064,10,Triplochiton scleroxylon,Malvaceae,33.9,0.41,0.27,0.05,22.5,0.34,Plot10_6
2065,10,Cola millenii,Malvaceae,19,0.24,0.1,0.06,19.7,0.77,Plot10_6
2066,10,Hildegardia barteri,Malvaceae,39,0.47,0.24,0.07,22.9,0.33,Plot10_6
2067,10,Microdesmis puberula,Pandacea,24.8,0.35,0.15,0.06,21.4,0.7,Plot10_6
2068,10,Antiaris africana,Moraceae,22.2,0.31,0.17,0.05,20.7,0.37,Plot10_6
2069,10,Zanthoxylum leprieurii,Rutaceae,30.1,0.35,0.17,0.05,23.4,0.59,Plot10_6
2070,10,Pouteria alnifolia,Fabaceae,29,0.38,0.16,0.06,22.7,0.55,Plot10_6
2071,10,Cola millenii,Malvaceae,16,0.23,0.09,0.05,18.9,0.77,Plot10_6
2072,10,Ricinodendron heudelotii,Euphorbiaceae,66,0.76,0.39,0.05,21.8,0.22,Plot10_6
2073,10,Sterculia tragacantha,Malvaceae,14.8,0.22,0.1,0.04,19.4,0.48,Plot10_6
2074,10,Ricinodendron heudelotii,Euphorbiaceae,29,0.32,0.2,0.05,20,0.22,Plot10_6
2075,10,Ricinodendron heudelotii,Euphorbiaceae,64,0.82,0.45,0.04,24.4,0.22,Plot10_6
2076,10,Cola millenii,Malvaceae,22.5,0.29,0.14,0.05,21.9,0.77,Plot10_6
2077,10,Ricinodendron heudelotii,Euphorbiaceae,30.6,0.37,0.23,0.05,17.8,0.22,Plot10_6
2078,10,Cola millenii,Malvaceae,29,0.38,0.2,0.06,23.1,0.77,Plot10_6
2079,10,Hildegardia barteri,Malvaceae,29,0.32,0.2,0.06,23.5,0.33,Plot10_6
2080,10,Hildegardia barteri,Malvaceae,73,0.87,0.52,0.06,24.6,0.33,Plot10_6
2081,10,Hildegardia barteri,Malvaceae,32,0.38,0.21,0.05,22.4,0.33,Plot10_6
2082,10,Hildegardia barteri,Malvaceae,15.4,0.23,0.14,0.04,20.5,0.33,Plot10_6
2083,10,Ricinodendron heudelotii,Euphorbiaceae,53.8,0.63,0.39,0.04,24.1,0.22,Plot10_6
2084,10,Cola millenii,Malvaceae,23.6,0.29,0.15,0.06,20.3,0.77,Plot10_6
2085,10,Celtis zenkeri,Cannabaceae,24,0.27,0.17,0.05,22.2,0.65,Plot10_6
2086,10,Celtis zenkeri,Cannabaceae,20,0.23,0.11,0.07,20.7,0.65,Plot10_6
2087,10,Hildegardia barteri,Malvaceae,64,0.88,0.43,0.06,25.2,0.33,Plot10_6
2088,10,Cola millenii,Malvaceae,17.4,0.22,0.1,0.05,20.1,0.77,Plot10_6
2089,10,Brachystegia eurycoma,Fabaceae,35.2,0.41,0.26,0.06,24.3,0.52,Plot10_6
2090,10,Cola millenii,Malvaceae,10.8,0.13,0.07,0.04,19.1,0.77,Plot10_6
2091,10,Cola gigantea,Malvaceae,18,0.2,0.1,0.06,18.7,0.54,Plot10_6
2092,10,Milicia excelsa,Moraceae,49,0.57,0.39,0.05,26.3,0.59,Plot10_6
2093,10,Hildegardia barteri,Malvaceae,56,0.62,0.46,0.06,22.9,0.33,Plot10_7
2094,10,Hildegardia barteri,Malvaceae,47,0.52,0.3,0.08,25.9,0.33,Plot10_7
2095,10,Ricinodendron heudelotii,Euphorbiaceae,35,0.38,0.27,0.05,22.7,0.22,Plot10_7
2096,10,Celtis zenkeri,Cannabaceae,35.6,0.44,0.27,0.06,24.3,0.65,Plot10_7
2097,10,Spondias mombin,Anacardiaceae,19,0.23,0.12,0.04,20.4,0.32,Plot10_7
2098,10,Hildegardia barteri,Malvaceae,56,0.62,0.46,0.06,22.9,0.33,Plot10_7
2099,10,Zanthoxylum leprieurii,Rutaceae,24.2,0.27,0.2,0.06,19.3,0.59,Plot10_7
2100,10,Spondias mombin,Anacardiaceae,13.3,0.16,0.09,0.04,16.3,0.32,Plot10_7
2101,10,Ricinodendron heudelotii,Euphorbiaceae,67,0.84,0.42,0.06,24.3,0.22,Plot10_7
2102,10,Ficus mucuso,Moraceae,34.2,0.37,0.26,0.06,23.9,0.41,Plot10_7
2103,10,Hildegardia barteri,Malvaceae,47,0.52,0.3,0.08,25.9,0.33,Plot10_7
2104,10,Cola gigantea,Malvaceae,12.3,0.16,0.12,0.05,15.3,0.54,Plot10_7
2105,10,Spondias mombin,Anacardiaceae,42.8,0.46,0.26,0.05,22.2,0.32,Plot10_7
2106,10,Ceiba pentandra,Malvaceae,30.2,0.34,0.23,0.05,24.2,0.3,Plot10_7
2107,10,Celtis philippensis,Cannabaceae,16,0.2,0.11,0.05,21.2,0.72,Plot10_7
2108,10,Celtis philippensis,Cannabaceae,29.1,0.33,0.2,0.07,21.4,0.72,Plot10_7
2109,10,Celtis zenkeri,Cannabaceae,36.9,0.41,0.18,0.05,21.8,0.65,Plot10_7
2110,10,Ceiba pentandra,Malvaceae,10.3,0.12,0.09,0.04,24.1,0.3,Plot10_7
2111,10,Trilepisium madagascariense,Moraceae,13,0.16,0.1,0.05,19.4,0.5,Plot10_7
2112,10,Trichilia heudelotii,Meliaceae,13.4,0.18,0.1,0.05,19.7,0.44,Plot10_7
2113,10,Trichilia heudelotii,Meliaceae,13,0.16,0.1,0.05,20.2,0.44,Plot10_7
2114,10,Cola millenii,Malvaceae,12,0.15,0.07,0.04,18.4,0.77,Plot10_7
2115,10,Triplochiton scleroxylon,Malvaceae,19.8,0.22,0.13,0.05,19.5,0.34,Plot10_7
2116,10,Ricinodendron heudelotii,Euphorbiaceae,27,0.34,0.19,0.05,22.2,0.22,Plot10_7
2117,10,Ricinodendron heudelotii,Euphorbiaceae,27,0.3,0.2,0.06,22,0.22,Plot10_7
2118,10,Antiaris africana,Moraceae,24,0.27,0.2,0.06,21.2,0.37,Plot10_7
2119,10,Dialium guineense ,Fabaceae,13.2,0.18,0.09,0.05,22,0.88,Plot10_8
2120,10,Dialium guineense ,Fabaceae,20.4,0.29,0.17,0.05,22.2,0.88,Plot10_8
2121,10,Cola millenii,Malvaceae,13,0.15,0.09,0.04,16.1,0.77,Plot10_8
2122,10,Cola millenii,Malvaceae,20,0.24,0.13,0.06,20.7,0.77,Plot10_8
2123,10,Dialium guineense ,Fabaceae,18.7,0.25,0.15,0.05,22,0.88,Plot10_8
2124,10,Trichilia monadelpha,Meliaceae,18,0.24,0.15,0.04,22.6,0.48,Plot10_8
2125,10,Alstonia boonei,Apocynaceae,69,0.85,0.4,0.07,24.3,0.37,Plot10_8
2126,10,Ricinodendron heudelotii,Euphorbiaceae,67,0.79,0.39,0.06,23.7,0.22,Plot10_8
2127,10,Zanthoxylum leprieurii,Rutaceae,32,0.37,0.24,0.06,24.5,0.59,Plot10_8
2128,10,Ricinodendron heudelotii,Euphorbiaceae,70,0.89,0.52,0.07,21.5,0.22,Plot10_8
2129,10,Funtumia elastica,Apocynaceae,20,0.25,0.13,0.05,19.2,0.51,Plot10_8
2130,10,Trilepisium madagascariense,Moraceae,29,0.34,0.17,0.06,23.1,0.5,Plot10_8
2131,10,Cola millenii,Malvaceae,11.2,0.15,0.08,0.04,12.4,0.77,Plot10_8
2132,10,Strombosia pustulata,Olacaceae,14.3,0.17,0.1,0.05,15.1,0.83,Plot10_8
2133,10,Piptadeniastrum africanum,Fabaceae,25.9,0.29,0.16,0.05,15.1,0.64,Plot10_8
2134,10,Newbouldia laevis,Bignoniaceae,11.2,0.15,0.09,0.05,19.9,0.49,Plot10_8
2135,10,Brachystegia eurycoma,Fabaceae,53,0.69,0.42,0.05,24.5,0.52,Plot10_8
2136,10,Celtis zenkeri,Cannabaceae,11,0.15,0.09,0.06,19.3,0.65,Plot10_8
2137,10,Celtis zenkeri,Cannabaceae,29,0.31,0.15,0.05,19.9,0.65,Plot10_8
2138,10,Ceiba pentandra,Malvaceae,140,1.6,0.83,0.13,24.7,0.3,Plot10_8
2139,10,Ceiba pentandra,Malvaceae,27.1,0.29,0.15,0.05,23.2,0.3,Plot10_8
2140,10,Ficus exasperata,Moraceae,21,0.28,0.12,0.08,23.6,0.34,Plot10_8
2141,10,Daniellia ogea,Fabaceae,41.4,0.46,0.27,0.07,24.4,0.31,Plot10_8
2142,10,Brachystegia eurycoma,Fabaceae,55,0.68,0.39,0.05,25,0.52,Plot10_8
2143,10,Ricinodendron heudelotii,Euphorbiaceae,29.1,0.39,0.17,0.06,23.5,0.22,Plot10_8
2144,10,Ricinodendron heudelotii,Euphorbiaceae,37.1,0.41,0.29,0.06,22.1,0.22,Plot10_9
2145,10,Brachystegia eurycoma,Fabaceae,12,0.15,0.1,0.05,19.5,0.52,Plot10_9
2146,10,Brachystegia eurycoma,Fabaceae,17.5,0.21,0.12,0.06,19.5,0.52,Plot10_9
2147,10,Hildegardia barteri,Malvaceae,22.5,0.25,0.17,0.04,19.3,0.33,Plot10_9
2148,10,Brachystegia eurycoma,Fabaceae,47.9,0.52,0.3,0.07,22,0.52,Plot10_9
2149,10,Ricinodendron heudelotii,Euphorbiaceae,13,0.15,0.09,0.05,22.1,0.22,Plot10_9
2150,10,Ricinodendron heudelotii,Euphorbiaceae,30.4,0.38,0.23,0.04,23.3,0.22,Plot10_9
2151,10,Ricinodendron heudelotii,Euphorbiaceae,22,0.29,0.15,0.06,22.9,0.22,Plot10_9
2152,10,Cola millenii,Malvaceae,12,0.15,0.09,0.05,22.7,0.77,Plot10_9
2153,10,Cola millenii,Malvaceae,11,0.13,0.08,0.06,21,0.77,Plot10_9
2154,10,Ricinodendron heudelotii,Euphorbiaceae,31,0.4,0.14,0.06,22.3,0.22,Plot10_9
2155,10,Ricinodendron heudelotii,Euphorbiaceae,31.4,0.36,0.22,0.05,21.6,0.22,Plot10_9
2156,10,Cola millenii,Malvaceae,21.5,0.25,0.14,0.03,19.6,0.77,Plot10_9
2157,10,Cola millenii,Malvaceae,20.2,0.25,0.17,0.04,14.2,0.77,Plot10_9
2158,10,Brachystegia eurycoma,Fabaceae,12,0.16,0.09,0.05,19.4,0.52,Plot10_9
2159,10,Albizia ferruginea,Fabaceae,42,0.52,0.31,0.07,23.6,0.47,Plot10_9
2160,10,Brachystegia eurycoma,Fabaceae,32.9,0.38,0.26,0.07,22.5,0.52,Plot10_9
2161,10,Ricinodendron heudelotii,Euphorbiaceae,29.1,0.39,0.17,0.08,22.8,0.22,Plot10_9
2162,10,Alstonia boonei,Apocynaceae,50,0.67,0.22,0.1,22.6,0.37,Plot10_9
2163,10,Celtis zenkeri,Cannabaceae,20,0.23,0.11,0.07,20.7,0.65,Plot10_9
2164,10,Pterygota macrocarpa,Malvaceae,34.2,0.39,0.21,0.05,24.6,0.52,Plot10_9
2165,10,Cola gigantea,Malvaceae,13.9,0.18,0.1,0.03,14.5,0.54,Plot10_9
2166,10,Cola gigantea,Malvaceae,25.7,0.27,0.17,0.05,22.3,0.54,Plot10_9
2167,10,Cola gigantea,Malvaceae,23.3,0.25,0.14,0.05,22.3,0.54,Plot10_9
2168,10,Ricinodendron heudelotii,Euphorbiaceae,28.8,0.33,0.21,0.04,19.7,0.22,Plot10_9
2169,10,Cola gigantea,Malvaceae,16.5,0.19,0.1,0.03,19.2,0.54,Plot10_10
2170,10,Cola gigantea,Malvaceae,16.2,0.18,0.1,0.04,18.6,0.54,Plot10_10
2171,10,Celtis philippensis,Cannabaceae,11,0.13,0.11,0.03,14.2,0.72,Plot10_10
2172,10,Cola gigantea,Malvaceae,38,0.53,0.24,0.05,23.3,0.54,Plot10_10
2173,10,Cola gigantea,Malvaceae,25,0.31,0.16,0.04,21.7,0.54,Plot10_10
2174,10,Ricinodendron heudelotii,Euphorbiaceae,26.7,0.29,0.15,0.07,25.5,0.22,Plot10_10
2175,10,Cola millenii,Malvaceae,15,0.18,0.09,0.04,15.3,0.77,Plot10_10
2176,10,Ricinodendron heudelotii,Euphorbiaceae,66.7,0.67,0.43,0.06,23.2,0.22,Plot10_10
2177,10,Microdesmis puberula,Pandacea,18,0.22,0.12,0.03,11.2,0.7,Plot10_10
2178,10,Ricinodendron heudelotii,Euphorbiaceae,80.4,0.85,0.67,0.09,22,0.22,Plot10_10
2179,10,Brachystegia eurycoma,Fabaceae,50.4,0.54,0.48,0.06,21.8,0.52,Plot10_10
2180,10,Blighia sapida,Sapindaceae,46,0.58,0.39,0.05,21.2,0.81,Plot10_10
2181,10,Cola millenii,Malvaceae,14.7,0.18,0.12,0.03,11.7,0.77,Plot10_10
2182,10,Sterculia rhinopetala,Malvaceae,41.5,0.43,0.34,0.05,22,0.64,Plot10_10
2183,10,Ricinodendron heudelotii,Euphorbiaceae,55.4,0.62,0.42,0.07,24,0.22,Plot10_10
2184,10,Ricinodendron heudelotii,Euphorbiaceae,23.8,0.3,0.17,0.04,16.9,0.22,Plot10_10
2185,10,Pouteria alnifolia,Fabaceae,12,0.15,0.07,0.04,16,0.55,Plot10_10
2186,10,Trilepisium madagascariense,Moraceae,17.2,0.19,0.13,0.05,21.2,0.5,Plot10_10
2187,10,Celtis philippensis,Cannabaceae,29.1,0.33,0.2,0.07,21.4,0.72,Plot10_10
2188,10,Newbouldia laevis,Bignoniaceae,16.4,0.19,0.11,0.03,13.4,0.49,Plot10_10
2189,10,Cola millenii,Malvaceae,25,0.27,0.15,0.04,15.3,0.77,Plot10_10
2190,10,Dialium guineense ,Fabaceae,16.2,0.2,0.11,0.05,18.1,0.88,Plot10_10
2191,10,Cola gigantea,Malvaceae,15.2,0.212,0.117,0.032,17,0.54,Plot10_10
2192,10,Ricinodendron heudelotii,Euphorbiaceae,26.7,0.288,0.145,0.071,25.5,0.22,Plot10_10
2193,10,Cola millenii,Malvaceae,15,0.18,0.092,0.039,15.3,0.77,Plot10_10
2194,10,Ricinodendron heudelotii,Euphorbiaceae,66.7,0.672,0.432,0.059,23.2,0.22,Plot10_11
2195,10,Microdesmis puberula,Pandacea,18,0.215,0.119,0.031,11.2,0.7,Plot10_11
2196,10,Ricinodendron heudelotii,Euphorbiaceae,80.4,0.85,0.67,0.085,22,0.22,Plot10_11
2197,10,Brachystegia eurycoma,Fabaceae,50.4,0.54,0.48,0.059,21.8,0.52,Plot10_11
2198,10,Cola gigantea,Malvaceae,19.5,0.25,0.147,0.037,17,0.54,Plot10_11
2199,10,Cola gigantea,Malvaceae,17,0.19,0.141,0.043,22.5,0.54,Plot10_11
2200,10,Cola gigantea,Malvaceae,12.3,0.16,0.119,0.049,15.3,0.54,Plot10_11
2201,10,Triplochiton scleroxylon,Malvaceae,28.8,0.343,0.275,0.065,22.7,0.34,Plot10_11
2202,10,Hildegardia barteri,Malvaceae,75,0.825,0.52,0.085,25.2,0.33,Plot10_11
2203,10,Sterculia tragacantha,Malvaceae,26.3,0.32,0.147,0.065,21.3,0.48,Plot10_11
2204,10,Blighia sapida,Sapindaceae,46,0.58,0.392,0.053,21.2,0.81,Plot10_11
2205,10,Cola millenii,Malvaceae,14.7,0.181,0.119,0.03,11.7,0.77,Plot10_11
2206,10,Sterculia rhinopetala,Malvaceae,41.5,0.43,0.336,0.049,22,0.64,Plot10_11
2207,10,Ricinodendron heudelotii,Euphorbiaceae,55.4,0.617,0.421,0.069,24,0.22,Plot10_11
2208,10,Trilepisium madagascariense,Moraceae,21.3,0.29,0.137,0.05,21.5,0.5,Plot10_11
2209,10,Ricinodendron heudelotii,Euphorbiaceae,24.2,0.297,0.162,0.045,20.3,0.22,Plot10_11
2210,10,Microdesmis puberula,Pandacea,17,0.128,0.095,0.06,17,0.7,Plot10_11
2211,10,Dialium guineense ,Fabaceae,17.3,0.193,0.145,0.065,20.6,0.88,Plot10_11
2212,10,Ricinodendron heudelotii,Euphorbiaceae,43,0.45,0.32,0.085,24.8,0.22,Plot10_11
2213,10,Celtis zenkeri,Cannabaceae,51.3,0.629,0.405,0.079,23.8,0.65,Plot10_11
2214,10,Ceiba pentandra,Malvaceae,84,0.915,0.64,0.1,26.4,0.3,Plot10_11
2215,10,Celtis zenkeri,Cannabaceae,35,0.428,0.238,0.065,23,0.65,Plot10_11
2216,10,Pterygota macrocarpa,Malvaceae,42,0.482,0.33,0.072,25,0.52,Plot10_11
2217,10,Pterygota macrocarpa,Malvaceae,28.4,0.33,0.2,0.057,21.8,0.52,Plot10_11
2218,10,Hildegardia barteri,Malvaceae,17.5,0.341,0.119,0.04,19.1,0.33,Plot10_11
2219,10,Cola millenii,Malvaceae,13.6,0.142,0.092,0.037,20.8,0.77,Plot10_12
2220,10,Cola millenii,Malvaceae,21.5,0.23,0.105,0.04,20.8,0.77,Plot10_12
2221,10,Blighia sapida,Sapindaceae,69.5,0.753,0.479,0.05,22.8,0.81,Plot10_12
2222,10,Cola gigantea,Malvaceae,49,0.514,0.395,0.065,25.1,0.54,Plot10_12
2223,10,Albizia ferruginea,Fabaceae,62.8,0.63,0.54,0.075,21.5,0.47,Plot10_12
2224,10,Cola millenii,Malvaceae,24.4,0.483,0.139,0.042,15.7,0.77,Plot10_12
2225,10,Cola millenii,Malvaceae,16,0.202,0.123,0.05,18.1,0.77,Plot10_12
2226,10,Olax subscorpioidea,Olacaceae,18.5,0.195,0.125,0.037,19.7,0.77,Plot10_12
2227,10,Cola gigantea,Malvaceae,63.5,0.703,0.532,0.063,22.4,0.54,Plot10_12
2228,10,Cola gigantea,Malvaceae,15.7,0.19,0.053,0.05,19,0.54,Plot10_12
2229,10,Celtis zenkeri,Cannabaceae,14.5,0.18,0.097,0.045,12.3,0.65,Plot10_12
2230,10,Olax subscorpioidea,Olacaceae,31.8,0.75,0.15,0.05,20.8,0.77,Plot10_12
2231,10,Olax subscorpioidea,Olacaceae,20.3,0.75,0.15,0.04,20.8,0.77,Plot10_12
2232,10,Olax subscorpioidea,Olacaceae,18.5,0.75,0.132,0.043,20.8,0.77,Plot10_12
2233,10,Celtis zenkeri,Cannabaceae,37.3,0.492,0.295,0.056,17.8,0.65,Plot10_12
2234,10,Celtis zenkeri,Cannabaceae,42,0.473,0.387,0.059,24.2,0.65,Plot10_12
2235,10,Ricinodendron heudelotii,Euphorbiaceae,48.5,0.55,0.37,0.075,20.5,0.22,Plot10_12
2236,10,Alstonia boonei,Apocynaceae,38.5,0.519,0.295,0.065,25.4,0.37,Plot10_12
2237,10,Ricinodendron heudelotii,Euphorbiaceae,25,0.34,0.125,0.04,20.3,0.22,Plot10_12
2238,10,Triplochiton scleroxylon,Malvaceae,42.7,0.472,0.317,0.05,22.8,0.34,Plot10_12
2239,10,Sterculia tragacantha,Malvaceae,18.5,0.225,0.13,0.055,21.2,0.48,Plot10_12
2240,10,Ceiba pentandra,Malvaceae,53.5,0.628,0.42,0.053,25.4,0.3,Plot10_12
2241,10,Pterygota macrocarpa,Malvaceae,65.8,0.84,0.437,0.075,25,0.52,Plot10_12
2242,10,Brachystegia eurycoma,Fabaceae,56.5,0.61,0.49,0.056,24.2,0.52,Plot10_12
2243,10,Trichilia heudelotii,Meliaceae,15,0.24,0.127,0.05,14.3,0.44,Plot10_12
2244,10,Sterculia oblonga,Malvaceae,75,0.8,0.68,0.065,25.1,0.61,Plot10_12
2245,10,Cola millenii,Malvaceae,21.8,0.358,0.168,0.045,17.3,0.77,Plot10_12
2246,10,Ricinodendron heudelotii,Euphorbiaceae,45.4,0.545,0.345,0.075,23.8,0.22,Plot10_12
2247,10,Mansonia altissima,Malvaceae,22.7,0.271,0.125,0.049,21.3,0.58,Plot10_12
2248,10,Hildegardia barteri,Malvaceae,35.5,0.393,0.29,0.049,20,0.33,Plot10_12
2249,10,Cola millenii,Malvaceae,23,0.26,0.172,0.039,21.1,0.77,Plot10_13
2250,10,Triplochiton scleroxylon,Malvaceae,99.7,1.075,0.715,0.075,26.4,0.34,Plot10_13
2251,10,Mansonia altissima,Malvaceae,22.3,0.273,0.129,0.06,21.3,0.58,Plot10_13
2252,10,Microdesmis puberula,Pandacea,21.5,0.235,0.149,0.058,12,0.7,Plot10_13
2253,10,Ceiba pentandra,Malvaceae,47,0.53,0.39,0.05,21.6,0.3,Plot10_13
2254,10,Microdesmis puberula,Pandacea,13,0.176,0.095,0.04,11.6,0.7,Plot10_13
2255,10,Cola millenii,Malvaceae,21,0.26,0.14,0.049,21.9,0.77,Plot10_13
2256,10,Brachystegia eurycoma,Fabaceae,61,0.632,0.41,0.065,25.3,0.52,Plot10_13
2257,10,Piptadeniastrum africanum,Fabaceae,56.2,0.603,0.45,0.06,24.1,0.64,Plot10_13
2258,10,Dialium guineense ,Fabaceae,17,0.218,0.1,0.06,19.6,0.88,Plot10_13
2259,10,Microdesmis puberula,Pandacea,23.3,0.262,0.125,0.05,14.4,0.7,Plot10_13
2260,10,Brachystegia eurycoma,Fabaceae,20.8,0.232,0.14,0.069,22.2,0.52,Plot10_13
2261,10,Cola millenii,Malvaceae,26,0.32,0.15,0.05,21.3,0.77,Plot10_13
2262,10,Ceiba pentandra,Malvaceae,41.6,0.45,0.312,0.05,24.8,0.3,Plot10_13
2263,10,Milicia excelsa,Moraceae,56,0.648,0.47,0.07,23.4,0.59,Plot10_13
2264,10,Ricinodendron heudelotii,Euphorbiaceae,77.2,0.834,0.52,0.08,25.1,0.22,Plot10_13
2265,10,Olax subscorpioidea,Olacaceae,31,0.383,0.26,0.07,22.6,0.77,Plot10_13
2266,10,Dialium guineense ,Fabaceae,19.6,0.225,0.103,0.04,21.5,0.88,Plot10_13
2267,10,Ricinodendron heudelotii,Euphorbiaceae,21.1,0.268,0.122,0.052,21.1,0.22,Plot10_13
2268,10,Dialium guineense ,Fabaceae,15,0.18,0.1,0.032,20.4,0.88,Plot10_13
2269,10,Cola millenii,Malvaceae,24.3,0.272,0.155,0.07,20.7,0.77,Plot10_13
2270,10,Cola gigantea,Malvaceae,12.4,0.159,0.092,0.05,16.6,0.54,Plot10_13
2271,10,Trilepisium madagascariense,Moraceae,29.4,0.359,0.137,0.049,20.5,0.5,Plot10_13
2272,10,Celtis zenkeri,Cannabaceae,18,0.248,0.115,0.05,20.8,0.65,Plot10_13
2273,10,Sterculia tragacantha,Malvaceae,18.5,0.219,0.111,0.049,19.4,0.48,Plot10_13
2274,10,Sterculia tragacantha,Malvaceae,13.3,0.161,0.1,0.06,20.7,0.48,Plot10_13
2275,10,Dialium guineense ,Fabaceae,14.3,0.174,0.1,0.036,19.8,0.88,Plot10_13
2276,10,Ceiba pentandra,Malvaceae,24.2,0.28,0.2,0.056,22.2,0.3,Plot10_13
2277,10,Ceiba pentandra,Malvaceae,89,1.1,0.67,0.059,25.5,0.3,Plot10_13
2278,10,Cola millenii,Malvaceae,21,0.26,0.14,0.049,21.9,0.77,Plot10_13
2279,10,Cola gigantea,Malvaceae,15.3,0.2,0.112,0.063,22.4,0.54,Plot10_14
2280,10,Triplochiton scleroxylon,Malvaceae,21,0.241,0.15,0.05,22.2,0.34,Plot10_14
2281,10,Triplochiton scleroxylon,Malvaceae,15.4,0.183,0.113,0.058,21.6,0.34,Plot10_14
2282,10,Triplochiton scleroxylon,Malvaceae,7.4,0.136,0.062,0.049,22.2,0.34,Plot10_14
2283,10,Triplochiton scleroxylon,Malvaceae,28.1,0.34,0.209,0.06,22.2,0.34,Plot10_14
2284,10,Triplochiton scleroxylon,Malvaceae,16.2,0.205,0.099,0.05,21.9,0.34,Plot10_14
2285,10,Triplochiton scleroxylon,Malvaceae,21.6,0.265,0.157,0.05,22.7,0.34,Plot10_14
2286,10,Funtumia elastica,Apocynaceae,16.5,0.198,0.111,0.059,21.9,0.51,Plot10_14
2287,10,Brachystegia eurycoma,Fabaceae,20.8,0.232,0.14,0.069,22.2,0.52,Plot10_14
2288,10,Cola millenii,Malvaceae,26,0.32,0.15,0.05,21.3,0.77,Plot10_14
2289,10,Ceiba pentandra,Malvaceae,28.2,0.305,0.159,0.05,20.9,0.3,Plot10_14
2290,10,Milicia excelsa,Moraceae,56,0.648,0.47,0.07,23.4,0.59,Plot10_14
2291,10,Ricinodendron heudelotii,Euphorbiaceae,77.2,0.834,0.52,0.08,25.1,0.22,Plot10_14
2292,10,Olax subscorpioidea,Olacaceae,31,0.383,0.26,0.07,22.6,0.77,Plot10_14
2293,10,Dialium guineense ,Fabaceae,20,0.24,0.13,0.05,16.3,0.88,Plot10_14
2294,10,Ricinodendron heudelotii,Euphorbiaceae,21.1,0.268,0.122,0.052,21.1,0.22,Plot10_14
2295,10,Dialium guineense ,Fabaceae,17.5,0.2,0.123,0.052,19.6,0.88,Plot10_14
2296,10,Cola millenii,Malvaceae,12.8,0.165,0.099,0.043,21.9,0.77,Plot10_14
2297,10,Celtis zenkeri,Cannabaceae,31.3,0.376,0.23,0.06,22.5,0.65,Plot10_14
2298,10,Cola gigantea,Malvaceae,15.1,0.22,0.12,0.04,21.2,0.54,Plot10_14
2299,10,Zanthoxylum leprieurii,Rutaceae,19,0.21,0.15,0.067,15.1,0.59,Plot10_14
2300,10,Celtis philippensis,Cannabaceae,20,0.24,0.12,0.04,21.5,0.72,Plot10_14
2301,10,Newbouldia laevis,Bignoniaceae,15,0.172,0.099,0.05,17.3,0.49,Plot10_14
2302,10,Cola gigantea,Malvaceae,15.2,0.2,0.1,0.049,21,0.54,Plot10_14
2303,10,Albizia zygia,Fabaceae,14,0.19,0.11,0.049,15.7,0.46,Plot10_14
2304,10,Dialium guineense ,Fabaceae,28.5,0.333,0.18,0.04,16.4,0.88,Plot10_14
2305,10,Ceiba pentandra,Malvaceae,98.7,1.152,0.507,0.049,24.9,0.3,Plot10_14
2306,10,Trichilia heudelotii,Meliaceae,14.9,0.21,0.11,0.054,17.9,0.44,Plot10_14
2307,10,Cola gigantea,Malvaceae,34.5,0.4,0.27,0.056,23.4,0.54,Plot10_14
2308,10,Ricinodendron heudelotii,Euphorbiaceae,57.5,0.747,0.39,0.05,21.8,0.22,Plot10_14
2309,10,Funtumia elastica,Apocynaceae,19.4,0.213,0.121,0.06,12.8,0.51,Plot10_15
2310,10,Ricinodendron heudelotii,Euphorbiaceae,38.2,0.445,0.29,0.06,23.2,0.22,Plot10_15
2311,10,Ceiba pentandra,Malvaceae,20,0.25,0.14,0.06,15.8,0.3,Plot10_15
2312,10,Ceiba pentandra,Malvaceae,58,0.89,0.47,0.06,21.1,0.3,Plot10_15
2313,10,Cola millenii,Malvaceae,13,0.15,0.092,0.05,19.8,0.77,Plot10_15
2314,10,Strombosia pustulata,Olacaceae,18,0.2,0.115,0.06,21,0.83,Plot10_15
2315,10,Cola gigantea,Malvaceae,17,0.19,0.141,0.043,22.5,0.54,Plot10_15
2316,10,Spondias mombin,Anacardiaceae,42.8,0.456,0.26,0.05,22.2,0.32,Plot10_15
2317,10,Cola millenii,Malvaceae,13,0.16,0.11,0.04,19.7,0.77,Plot10_15
2318,10,Olax subscorpioidea,Olacaceae,31,0.34,0.17,0.054,20.9,0.77,Plot10_15
2319,10,Trichilia heudelotii,Meliaceae,32.9,0.37,0.29,0.06,21.7,0.44,Plot10_15
2320,10,Brachystegia eurycoma,Fabaceae,74.2,0.9,0.51,0.07,26,0.52,Plot10_15
2321,10,Spondias mombin,Anacardiaceae,54,0.68,0.402,0.06,23.4,0.32,Plot10_15
2322,10,Funtumia elastica,Apocynaceae,17.5,0.251,0.105,0.055,16.3,0.51,Plot10_15
2323,10,Cola millenii,Malvaceae,15,0.19,0.124,0.05,22.8,0.77,Plot10_15
2324,10,Ficus exasperata,Moraceae,30.4,0.41,0.23,0.062,19.4,0.34,Plot10_15
2325,10,Funtumia elastica,Apocynaceae,16.3,0.18,0.101,0.05,16,0.51,Plot10_15
2326,10,Triplochiton scleroxylon,Malvaceae,37.6,0.476,0.281,0.049,23.6,0.34,Plot10_15
2327,10,Brachystegia eurycoma,Fabaceae,36,0.42,0.29,0.048,24.2,0.52,Plot10_15
2328,10,Celtis zenkeri,Cannabaceae,50.5,0.595,0.439,0.057,22.7,0.65,Plot10_15
2329,10,Ricinodendron heudelotii,Euphorbiaceae,39,0.42,0.31,0.05,23.7,0.22,Plot10_15
2330,10,Hildegardia barteri,Malvaceae,16.6,0.2,0.145,0.047,19.5,0.33,Plot10_15
2331,10,Brachystegia eurycoma,Fabaceae,39.1,0.57,0.27,0.06,24.1,0.52,Plot10_15
2332,10,Brachystegia eurycoma,Fabaceae,26,0.32,0.197,0.072,24.3,0.52,Plot10_15
2333,10,Sterculia oblonga,Malvaceae,47.8,0.517,0.33,0.038,20.5,0.61,Plot10_15
2334,10,Cleistopholis patens,Annonaceae,24.5,0.28,0.2,0.06,21.7,0.37,Plot10_15
2335,10,Dialium guineense ,Fabaceae,19,0.205,0.146,0.05,19.2,0.88,Plot10_15
2336,10,Cola gigantea,Malvaceae,50.5,0.63,0.43,0.048,20.1,0.54,Plot10_15
2337,10,Cola gigantea,Malvaceae,21,0.25,0.125,0.07,21,0.54,Plot10_15
2338,10,Brachystegia eurycoma,Fabaceae,12.5,0.159,0.109,0.035,15.3,0.52,Plot10_15
2339,10,Microdesmis puberula,Pandacea,30,0.355,0.23,0.045,14.44,0.7,Plot10_16
2340,10,Cola millenii,Malvaceae,16.5,0.21,0.121,0.043,10.7,0.77,Plot10_16
2341,10,Sterculia tragacantha,Malvaceae,14.8,0.18,0.095,0.037,13.5,0.48,Plot10_16
2342,10,Spondias mombin,Anacardiaceae,19,0.225,0.117,0.039,20.4,0.32,Plot10_16
2343,10,Lophira alata,Ochnaceae,48.8,0.605,0.36,0.057,23.8,0.88,Plot10_16
2344,10,Zanthoxylum leprieurii,Rutaceae,24.2,0.267,0.203,0.06,19.3,0.59,Plot10_16
2345,10,Spondias mombin,Anacardiaceae,13.3,0.155,0.09,0.04,16.3,0.32,Plot10_16
2346,10,Ricinodendron heudelotii,Euphorbiaceae,67,0.84,0.42,0.06,24.3,0.22,Plot10_16
2347,10,Ficus mucuso,Moraceae,37.8,0.445,0.207,0.059,25.5,0.41,Plot10_16
2348,10,Lophira alata,Ochnaceae,29.6,0.32,0.2,0.049,12.6,0.88,Plot10_16
2349,10,Cola gigantea,Malvaceae,10.5,0.125,0.082,0.04,7.7,0.54,Plot10_16
2350,10,Cola millenii,Malvaceae,21.5,0.25,0.135,0.032,19.6,0.77,Plot10_16
2351,10,Zanthoxylum leprieurii,Rutaceae,19,0.21,0.15,0.067,15.1,0.59,Plot10_16
2352,10,Celtis zenkeri,Cannabaceae,29,0.305,0.149,0.053,19.9,0.65,Plot10_16
2353,10,Newbouldia laevis,Bignoniaceae,15,0.172,0.099,0.05,17.3,0.49,Plot10_16
